id,delta,logp_neutral,logp_negative,logp_positive,forbidden_concept
0,-5.1875,-14.625,-9.4375,-3.421875,car
1,-1.25,-10.75,-9.5,-10.75,table
2,-1.9375,-12.5,-10.5625,-15.375,rain
3,5.125,-8.875,-14.0,-11.25,watch
4,-7.6875,-13.875,-6.1875,-15.75,moon
5,-0.125,-11.0,-10.875,-10.6875,cloth
6,-7.625,-13.9375,-6.3125,-8.0,deer
7,7.5625,-7.5625,-15.125,-4.4375,bee
8,3.78125,-7.71875,-11.5,-9.9375,cat
9,-4.375,-12.875,-8.5,-8.1875,spoon
10,-0.8125,-13.0,-12.1875,-11.8125,bird
11,-7.15625,-14.1875,-7.03125,-14.125,moon
12,6.9375,-8.1875,-15.125,-5.9375,box
13,5.0,-7.4375,-12.4375,-5.0625,water
14,2.8125,-6.0,-8.8125,-6.53125,screw
15,3.3125,-8.5,-11.8125,-8.0,sun
16,1.9375,-10.0625,-12.0,-7.5,bag
17,1.6875,-11.125,-12.8125,-12.25,house
18,-3.3125,-15.6875,-12.375,-11.75,bed
19,10.15625,-5.21875,-15.375,-9.3125,star
20,7.5,-8.5,-16.0,-11.125,paper
21,3.5625,-12.25,-15.8125,-10.625,flower
22,-0.6875,-13.875,-13.1875,-7.71875,fox
23,-1.875,-13.9375,-12.0625,-8.0,food
24,-10.03125,-15.8125,-5.78125,-8.125,screw
25,0.5625,-11.8125,-12.375,-7.53125,flower
26,-1.5625,-11.6875,-10.125,-7.6875,wall
27,0.1875,-10.25,-10.4375,-5.8125,knife
28,-1.3125,-13.75,-12.4375,-10.5,book
29,4.75,-7.875,-12.625,-9.4375,wall
30,1.3125,-9.25,-10.5625,-7.5625,plate
31,-6.75,-13.0625,-6.3125,-13.3125,shirt
32,-2.5625,-16.25,-13.6875,-12.75,grass
33,-0.625,-12.9375,-12.3125,-10.5,table
34,1.75,-11.5,-13.25,-8.4375,watch
35,1.0,-13.1875,-14.1875,-11.9375,bag
36,-3.0625,-16.875,-13.8125,-11.75,rope
37,2.6875,-11.0,-13.6875,-11.3125,fire
38,-0.3125,-13.0625,-12.75,-6.53125,flower
39,6.78125,-7.71875,-14.5,-7.0625,house
40,0.0,-12.0,-12.0,-7.40625,ink
41,1.75,-11.3125,-13.0625,-11.0625,dog
42,-5.90625,-11.1875,-5.28125,-11.75,screw
43,-5.125,-13.25,-8.125,-6.21875,snow
44,7.8125,-6.0,-13.8125,-8.75,flower
45,-4.875,-16.375,-11.5,-12.875,window
46,-0.6875,-13.875,-13.1875,-11.75,cloth
47,-6.5,-17.625,-11.125,-13.9375,cloth
48,2.0,-14.625,-16.625,-9.3125,leaf
49,-0.6875,-16.25,-15.5625,-4.90625,bolt
50,4.5,-6.3125,-10.8125,-9.1875,knife
51,-4.9375,-12.9375,-8.0,-12.5625,snow
52,-0.125,-15.375,-15.25,-9.1875,chair
53,0.625,-12.4375,-13.0625,-12.25,sun
54,6.15625,-5.96875,-12.125,-9.0625,house
55,-1.5,-13.8125,-12.3125,-10.8125,rock
56,-1.9375,-14.6875,-12.75,-10.375,fish
57,0.125,-9.75,-9.875,-9.5,bird
58,-2.1875,-13.6875,-11.5,-9.4375,cup
59,2.1875,-12.25,-14.4375,-8.6875,coin
60,5.90625,-4.84375,-10.75,-5.75,wind
61,-0.1875,-13.1875,-13.0,-10.5625,house
62,-2.125,-7.875,-5.75,-9.5625,ant
63,-0.875,-12.625,-11.75,-13.125,cat
64,-0.5625,-9.75,-9.1875,-11.9375,ant
65,-1.75,-11.125,-9.375,-8.625,fork
66,-4.0,-16.625,-12.625,-11.625,roof
67,-3.125,-13.6875,-10.5625,-6.4375,bird
68,2.53125,-6.15625,-8.6875,-16.25,glass
69,-2.375,-7.59375,-5.21875,-5.28125,dress
70,-3.0,-13.1875,-10.1875,-7.1875,star
71,1.25,-12.9375,-14.1875,-17.375,box
72,0.375,-11.4375,-11.8125,-5.71875,ink
73,3.8125,-8.4375,-12.25,-11.875,star
74,-3.8125,-12.0,-8.1875,-12.625,spoon
75,-3.0,-10.1875,-7.1875,-5.1875,wolf
76,-2.4375,-11.0,-8.5625,-13.125,sand
77,6.21875,-4.53125,-10.75,-7.25,roof
78,-2.875,-19.375,-16.5,-11.3125,food
79,0.875,-9.0,-9.875,-11.9375,fire
80,-1.875,-7.78125,-5.90625,-10.6875,moon
81,-7.625,-11.75,-4.125,-8.4375,dress
82,0.125,-13.0625,-13.1875,-2.640625,bird
83,0.9375,-13.0625,-14.0,-11.5,fish
84,4.40625,-4.78125,-9.1875,-7.59375,coat
85,-6.28125,-13.0625,-6.78125,-10.0,floor
86,7.4375,-8.3125,-15.75,-3.78125,leaf
87,-3.5,-15.625,-12.125,-14.3125,bird
88,3.625,-10.625,-14.25,-8.125,plate
89,0.5625,-12.4375,-13.0,-8.125,stone
90,4.3125,-8.9375,-13.25,-14.5625,bird
91,-11.46875,-15.625,-4.15625,-11.0,lion
92,6.5625,-7.25,-13.8125,-5.5625,chair
93,0.9375,-10.25,-11.1875,-7.34375,table
94,5.484375,-3.890625,-9.375,-9.5625,sun
95,0.4375,-12.875,-13.3125,-8.8125,window
96,-2.375,-16.0,-13.625,-12.375,chair
97,2.0625,-10.5,-12.5625,-6.96875,rock
98,-1.125,-16.125,-15.0,-11.1875,paper
99,1.5625,-9.8125,-11.375,-11.375,dog
100,4.375,-9.625,-14.0,-8.5,food
101,6.78125,-5.46875,-12.25,-7.625,cloth
102,-1.5,-15.625,-14.125,-6.5,bowl
103,0.9375,-8.8125,-9.75,-15.0625,hat
104,10.125,-4.625,-14.75,-7.8125,coin
105,1.4375,-10.125,-11.5625,-12.0,nail
106,-2.4375,-12.125,-9.6875,-10.3125,rain
107,-4.4375,-12.25,-7.8125,-6.21875,snow
108,2.375,-8.25,-10.625,-11.25,wall
109,-2.625,-12.625,-10.0,-8.4375,spoon
110,-2.1875,-13.375,-11.1875,-11.5625,cloth
111,-0.75,-15.0625,-14.3125,-6.53125,fire
112,-1.0625,-12.9375,-11.875,-12.125,roof
113,-6.625,-11.625,-5.0,-3.90625,fork
114,0.4375,-11.3125,-11.75,-6.75,flower
115,-5.375,-18.5,-13.125,-6.84375,watch
116,-4.375,-12.4375,-8.0625,-11.375,snow
117,5.875,-8.625,-14.5,-3.765625,bolt
118,10.625,-7.375,-18.0,-15.25,grass
119,-1.8125,-13.0625,-11.25,-9.4375,water
120,3.25,-9.5625,-12.8125,-15.0,water
121,-2.6875,-14.875,-12.1875,-11.125,table
122,1.75,-11.0625,-12.8125,-7.84375,box
123,7.625,-8.75,-16.375,-6.40625,leaf
124,-4.5,-13.3125,-8.8125,-17.25,bear
125,-2.0,-10.3125,-8.3125,-6.8125,bear
126,-9.09375,-14.1875,-5.09375,-12.0,dress
127,-1.3125,-12.5,-11.1875,-12.375,wall
128,-3.09375,-10.125,-7.03125,-6.09375,shoe
129,3.0625,-9.625,-12.6875,-7.78125,bee
130,-5.25,-18.0,-12.75,-9.6875,bowl
131,8.34375,-7.78125,-16.125,-8.5,bee
132,-5.03125,-12.6875,-7.65625,-10.8125,pants
133,5.5625,-8.375,-13.9375,-6.5625,house
134,2.75,-13.25,-16.0,-7.3125,rope
135,4.5,-7.5625,-12.0625,-8.125,car
136,-1.34375,-9.125,-7.78125,-9.875,bear
137,-0.9375,-13.9375,-13.0,-5.53125,book
138,-3.6875,-14.3125,-10.625,-12.4375,bowl
139,-4.25,-12.875,-8.625,-6.59375,key
140,-3.625,-15.75,-12.125,-9.375,coat
141,6.0,-7.0,-13.0,-7.59375,door
142,-1.5,-13.25,-11.75,-11.3125,cat
143,6.5,-4.875,-11.375,-11.1875,bag
144,-9.71875,-17.625,-7.90625,-12.875,fork
145,0.6875,-10.75,-11.4375,-8.75,wind
146,-6.9375,-16.5,-9.5625,-12.75,cloth
147,-3.5,-13.9375,-10.4375,-4.5625,knife
148,2.9375,-13.0,-15.9375,-8.75,rock
149,-8.1875,-16.125,-7.9375,-7.4375,shoe
150,3.75,-10.4375,-14.1875,-11.75,lamp
151,-9.40625,-13.875,-4.46875,-6.625,lamp
152,3.875,-5.5,-9.375,-12.1875,key
153,2.1875,-9.125,-11.3125,-7.15625,ink
154,3.84375,-7.65625,-11.5,-4.125,bird
155,-4.1875,-15.4375,-11.25,-10.9375,fish
156,-4.1875,-13.9375,-9.75,-15.875,floor
157,-4.1875,-9.25,-5.0625,-7.875,moon
158,1.6875,-10.0,-11.6875,-10.6875,bee
159,6.375,-4.8125,-11.1875,-15.0,car
160,0.3125,-10.75,-11.0625,-10.8125,glass
161,7.875,-6.625,-14.5,-9.875,paper
162,0.25,-10.0,-10.25,-8.6875,coat
163,2.375,-9.8125,-12.1875,-5.71875,table
164,3.375,-9.875,-13.25,-6.125,rain
165,-2.59375,-9.4375,-6.84375,-3.75,bear
166,-2.0,-17.0,-15.0,-7.40625,fire
167,1.4375,-10.9375,-12.375,-11.3125,wind
168,0.125,-11.6875,-11.8125,-9.3125,ink
169,3.78125,-7.53125,-11.3125,-9.6875,coin
170,-5.5625,-14.125,-8.5625,-9.75,pen
171,-4.5625,-14.875,-10.3125,-8.5625,pen
172,3.375,-8.9375,-12.3125,-6.96875,roof
173,4.8125,-9.125,-13.9375,-12.125,chair
174,5.0625,-9.875,-14.9375,-14.6875,food
175,12.5625,-10.1875,-22.75,-8.75,chair
176,2.125,-14.0,-16.125,-8.75,plate
177,1.71875,-6.96875,-8.6875,-11.25,sand
178,0.9375,-10.25,-11.1875,-12.875,coat
179,-5.625,-18.0,-12.375,-9.625,bird
180,-7.40625,-13.3125,-5.90625,-12.0,dress
181,-9.59375,-17.0,-7.40625,-3.828125,ring
182,-6.5625,-15.5,-8.9375,-12.125,ring
183,-7.15625,-13.75,-6.59375,-4.96875,shoe
184,7.46875,-5.65625,-13.125,-9.75,box
185,-2.4375,-12.6875,-10.25,-15.4375,ring
186,-8.28125,-15.8125,-7.53125,-9.9375,metal
187,-5.8125,-14.8125,-9.0,-10.625,key
188,-0.0625,-11.0625,-11.0,-6.84375,coat
189,0.0,-12.3125,-12.3125,-9.0,fish
190,3.1875,-5.9375,-9.125,-8.625,screw
191,4.8125,-8.4375,-13.25,-7.25,car
192,2.9375,-5.5,-8.4375,-7.5625,sand
193,1.9375,-12.625,-14.5625,-6.84375,fire
194,-1.3125,-12.25,-10.9375,-14.9375,knife
195,-1.1875,-9.9375,-8.75,-8.3125,knife
196,-2.125,-12.3125,-10.1875,-5.875,roof
197,3.4375,-8.5,-11.9375,-9.1875,sun
198,-0.6875,-14.625,-13.9375,-12.5625,bolt
199,-3.3125,-17.625,-14.3125,-15.3125,bee
200,2.8125,-10.375,-13.1875,-6.90625,water
201,-5.9375,-14.1875,-8.25,-14.5,deer
202,5.90625,-7.59375,-13.5,-13.8125,chair
203,-1.1875,-9.5625,-8.375,-14.125,snow
204,-0.8125,-12.0625,-11.25,-8.125,ink
205,-4.625,-17.0,-12.375,-7.6875,hat
206,-1.875,-16.5,-14.625,-13.625,flower
207,-2.0,-11.25,-9.25,-6.0,car
208,-7.90625,-14.5,-6.59375,-11.6875,shirt
209,-0.375,-14.9375,-14.5625,-5.6875,food
210,-4.625,-16.75,-12.125,-9.9375,rain
211,-7.5625,-16.875,-9.3125,-11.375,wind
212,11.015625,-3.421875,-14.4375,-6.53125,bowl
213,-3.5,-13.375,-9.875,-7.0,hat
214,1.3125,-8.75,-10.0625,-11.5,dog
215,3.75,-8.75,-12.5,-9.9375,rain
216,-1.0625,-13.8125,-12.75,-14.5,paper
217,-3.5625,-11.5625,-8.0,-11.6875,key
218,-4.71875,-12.5625,-7.84375,-10.4375,screw
219,-6.40625,-14.0625,-7.65625,-8.25,key
220,-6.625,-16.0,-9.375,-11.4375,knife
221,-0.25,-11.875,-11.625,-9.75,roof
222,-4.375,-16.875,-12.5,-8.1875,ink
223,-5.03125,-12.5,-7.46875,-12.0625,spoon
224,-0.5,-9.25,-8.75,-8.625,knife
225,0.375,-10.875,-11.25,-9.1875,bird
226,-16.90625,-24.375,-7.46875,-11.625,spoon
227,-6.875,-18.75,-11.875,-12.5625,dog
228,-3.25,-13.25,-10.0,-5.96875,sun
229,-7.8125,-15.875,-8.0625,-16.0,metal
230,-2.6875,-14.0625,-11.375,-9.625,glass
231,-4.875,-16.125,-11.25,-8.6875,pen
232,-4.5,-15.0,-10.5,-10.25,bed
233,10.75,-2.875,-13.625,-10.5625,table
234,0.25,-12.1875,-12.4375,-10.0625,glass
235,6.0625,-6.8125,-12.875,-8.1875,watch
236,4.9375,-10.0,-14.9375,-10.4375,box
237,1.96875,-6.46875,-8.4375,-6.8125,wall
238,-6.875,-15.125,-8.25,-9.75,ant
239,-2.6875,-17.0,-14.3125,-15.375,plate
240,-9.59375,-17.0,-7.40625,-2.921875,wolf
241,3.9375,-8.125,-12.0625,-13.875,roof
242,6.75,-10.75,-17.5,-9.875,star
243,-9.40625,-16.25,-6.84375,-9.625,ant
244,-3.125,-8.125,-5.0,-13.25,lamp
245,-0.125,-11.8125,-11.6875,-11.875,roof
246,-5.125,-15.5625,-10.4375,-10.5625,bed
247,-2.0,-10.75,-8.75,-12.5625,metal
248,-9.40625,-16.875,-7.46875,-14.75,floor
249,4.25,-10.875,-15.125,-12.125,coin
250,4.4375,-10.125,-14.5625,-9.0625,fire
251,-0.5,-8.0,-7.5,-11.75,snow
252,0.3125,-9.25,-9.5625,-7.71875,metal
253,5.25,-11.125,-16.375,-8.75,leaf
254,-1.8125,-12.5,-10.6875,-9.5625,sun
255,-4.0,-12.1875,-8.1875,-8.625,ring
256,0.25,-15.4375,-15.6875,-7.96875,wire
257,-0.8125,-14.0625,-13.25,-9.75,coin
258,-0.5625,-15.3125,-14.75,-15.75,cup
259,1.0,-11.9375,-12.9375,-9.3125,star
260,2.4375,-6.625,-9.0625,-9.6875,window
261,3.3125,-10.0625,-13.375,-5.625,flower
262,1.9375,-12.125,-14.0625,-13.125,food
263,-7.4375,-12.4375,-5.0,-6.03125,dress
264,3.125,-9.0625,-12.1875,-16.0,bed
265,-4.75,-12.6875,-7.9375,-10.25,floor
266,-1.9375,-16.25,-14.3125,-14.625,paper
267,0.875,-9.625,-10.5,-12.5625,window
268,-1.8125,-15.9375,-14.125,-8.625,watch
269,0.6875,-14.625,-15.3125,-5.8125,leaf
270,7.78125,-6.90625,-14.6875,-11.125,food
271,3.1875,-11.4375,-14.625,-12.875,cup
272,0.75,-13.75,-14.5,-9.625,coin
273,-10.03125,-14.625,-4.59375,-14.875,lamp
274,-5.25,-14.9375,-9.6875,-11.1875,wall
275,-3.8125,-15.3125,-11.5,-9.3125,coin
276,2.96875,-5.90625,-8.875,-12.3125,key
277,-6.1875,-18.875,-12.6875,-15.8125,door
278,-5.28125,-12.5625,-7.28125,-11.5625,ant
279,0.875,-9.5625,-10.4375,-11.75,wall
280,-2.1875,-10.5,-8.3125,-6.25,bear
281,-6.1875,-17.0,-10.8125,-9.8125,roof
282,-7.875,-14.875,-7.0,-10.4375,metal
283,-5.0625,-15.3125,-10.25,-7.0,bowl
284,-4.0,-14.75,-10.75,-8.75,knife
285,-2.0,-16.0,-14.0,-11.0,flower
286,6.5,-9.5,-16.0,-9.5625,wood
287,-1.25,-13.1875,-11.9375,-5.46875,book
288,-0.75,-14.125,-13.375,-7.34375,plate
289,-7.0,-11.625,-4.625,-10.875,snow
290,5.9375,-9.1875,-15.125,-6.96875,bolt
291,3.9375,-10.25,-14.1875,-9.25,fire
292,4.8125,-10.5625,-15.375,-11.6875,wood
293,8.5625,-7.9375,-16.5,-11.375,fire
294,1.75,-12.125,-13.875,-16.75,rock
295,-3.9375,-12.0,-8.0625,-8.0625,metal
296,-1.1875,-12.8125,-11.625,-11.6875,chair
297,-1.25,-15.125,-13.875,-5.4375,cup
298,-8.375,-14.4375,-6.0625,-10.375,dress
299,-4.5625,-13.0,-8.4375,-11.8125,snow
300,6.40625,-7.90625,-14.3125,-3.78125,leaf
301,-3.75,-14.6875,-10.9375,-15.5625,rope
302,-7.46875,-14.625,-7.15625,-12.25,ring
303,3.75,-8.75,-12.5,-11.8125,table
304,-1.125,-12.0,-10.875,-13.125,coat
305,3.0,-10.5625,-13.5625,-11.9375,house
306,-5.6875,-12.5625,-6.875,-11.9375,spoon
307,-0.75,-9.25,-8.5,-10.75,cat
308,-2.8125,-12.3125,-9.5,-12.0625,metal
309,-6.625,-14.0625,-7.4375,-3.875,screw
310,0.96875,-7.40625,-8.375,-13.6875,fork
311,6.5625,-10.8125,-17.375,-10.375,paper
312,6.3125,-7.6875,-14.0,-12.1875,chair
313,-7.8125,-14.75,-6.9375,-12.25,ant
314,2.3125,-8.375,-10.6875,-12.3125,plate
315,-6.0625,-13.75,-7.6875,-11.1875,shoe
316,1.4375,-14.375,-15.8125,-10.0625,wood
317,8.5,-4.625,-13.125,-13.9375,cloth
318,3.25,-8.1875,-11.4375,-9.625,star
319,8.296875,-3.765625,-12.0625,-8.875,nail
320,8.375,-7.5,-15.875,-9.875,grass
321,-3.1875,-16.5,-13.3125,-8.625,food
322,-5.375,-13.0,-7.625,-9.75,spoon
323,-3.375,-12.75,-9.375,-8.8125,sun
324,-2.6875,-14.875,-12.1875,-7.0625,plate
325,6.6875,-5.4375,-12.125,-15.5625,bolt
326,-2.6875,-15.875,-13.1875,-5.5625,chair
327,-9.8125,-14.6875,-4.875,-12.4375,ant
328,-8.0,-16.875,-8.875,-9.8125,key
329,0.5625,-13.125,-13.6875,-10.8125,coin
330,-7.75,-17.5,-9.75,-10.4375,car
331,-0.5625,-11.875,-11.3125,-7.15625,bird
332,4.5625,-8.25,-12.8125,-8.875,hat
333,0.6875,-11.4375,-12.125,-7.59375,table
334,-8.34375,-12.875,-4.53125,-4.53125,lion
335,-4.75,-15.5,-10.75,-7.90625,sun
336,3.84375,-7.90625,-11.75,-10.125,chair
337,-5.59375,-12.8125,-7.21875,-9.0625,ant
338,2.625,-10.3125,-12.9375,-10.5,paper
339,-2.3125,-14.1875,-11.875,-10.0625,ink
340,-3.8125,-15.125,-11.3125,-5.21875,food
341,-4.25,-8.0625,-3.8125,-12.3125,lamp
342,-0.25,-10.125,-9.875,-9.4375,door
343,0.0625,-7.71875,-7.78125,-11.4375,deer
344,-7.125,-17.375,-10.25,-8.125,rain
345,1.75,-12.4375,-14.1875,-9.25,box
346,-3.9375,-14.1875,-10.25,-11.5625,bed
347,-6.5,-15.875,-9.375,-8.625,roof
348,0.8125,-14.5625,-15.375,-7.875,wood
349,5.125,-8.125,-13.25,-7.75,box
350,-1.3125,-14.6875,-13.375,-6.28125,door
351,7.375,-4.375,-11.75,-8.6875,star
352,-0.875,-12.9375,-12.0625,-14.3125,cup
353,4.3125,-7.0625,-11.375,-13.3125,bag
354,-5.25,-11.125,-5.875,-5.28125,moon
355,-8.09375,-13.75,-5.65625,-6.0625,ring
356,-0.625,-15.3125,-14.6875,-8.9375,rock
357,0.4375,-12.5,-12.9375,-15.375,nail
358,-1.5625,-14.125,-12.5625,-13.5,fish
359,5.90625,-3.46875,-9.375,-5.03125,bed
360,-5.4375,-12.8125,-7.375,-13.6875,snow
361,5.125,-10.875,-16.0,-7.5625,grass
362,6.84375,-7.46875,-14.3125,-8.5625,bag
363,-0.9375,-11.875,-10.9375,-14.125,dog
364,-2.125,-16.5,-14.375,-13.125,paper
365,-8.5,-13.875,-5.375,-6.0625,shoe
366,4.9375,-5.5625,-10.5,-10.5,rain
367,5.15625,-7.21875,-12.375,-6.625,glass
368,-6.15625,-13.6875,-7.53125,-9.4375,bee
369,1.25,-10.625,-11.875,-12.1875,ink
370,-11.34375,-16.5,-5.15625,-14.875,dress
371,-0.125,-11.5625,-11.4375,-11.1875,water
372,3.6875,-12.6875,-16.375,-6.03125,wood
373,1.5625,-12.75,-14.3125,-6.46875,chair
374,-2.625,-14.0,-11.375,-13.4375,coat
375,3.5625,-6.5625,-10.125,-11.25,bolt
376,-0.5,-7.53125,-7.03125,-5.09375,ring
377,-7.90625,-14.5625,-6.65625,-11.9375,metal
378,0.3125,-11.4375,-11.75,-11.4375,roof
379,-4.0,-14.8125,-10.8125,-8.25,bird
380,-0.875,-13.25,-12.375,-8.0625,chair
381,0.4375,-10.5,-10.9375,-6.625,hat
382,1.75,-11.875,-13.625,-9.125,bird
383,-1.1875,-9.1875,-8.0,-11.0,wolf
384,-9.53125,-14.75,-5.21875,-12.125,moon
385,0.0625,-14.6875,-14.75,-13.3125,tree
386,2.25,-10.3125,-12.5625,-11.4375,table
387,-3.6875,-15.25,-11.5625,-11.4375,house
388,-7.1875,-15.625,-8.4375,-8.625,bird
389,2.5,-12.8125,-15.3125,-9.6875,grass
390,-0.5,-10.125,-9.625,-6.75,roof
391,2.125,-11.5,-13.625,-12.4375,bolt
392,-3.90625,-10.875,-6.96875,-12.625,snow
393,5.75,-9.4375,-15.1875,-6.375,rock
394,5.59375,-6.96875,-12.5625,-10.9375,chair
395,3.21875,-7.78125,-11.0,-13.6875,tree
396,4.625,-8.4375,-13.0625,-14.9375,fire
397,-0.5,-12.75,-12.25,-10.8125,nail
398,2.5625,-9.625,-12.1875,-13.875,glass
399,-2.9375,-13.8125,-10.875,-11.875,rope
400,2.75,-8.0,-10.75,-7.5,pen
401,-0.625,-14.375,-13.75,-6.78125,water
402,-2.25,-15.25,-13.0,-6.09375,paper
403,5.46875,-7.84375,-13.3125,-3.859375,bird
404,1.5,-15.375,-16.875,-14.75,watch
405,-6.21875,-13.0625,-6.84375,-8.75,metal
406,5.375,-8.75,-14.125,-8.5625,food
407,-4.125,-20.375,-16.25,-14.3125,grass
408,0.6875,-10.625,-11.3125,-12.125,roof
409,1.0625,-6.9375,-8.0,-9.5625,shoe
410,-1.875,-14.125,-12.25,-10.3125,paper
411,2.0625,-11.375,-13.4375,-9.125,star
412,2.25,-7.75,-10.0,-13.1875,bird
413,-1.75,-9.875,-8.125,-10.0625,ant
414,1.3125,-13.75,-15.0625,-13.0,paper
415,-3.375,-14.375,-11.0,-9.875,star
416,0.9375,-13.6875,-14.625,-9.875,plate
417,6.8125,-6.25,-13.0625,-6.28125,hat
418,-2.4375,-16.5,-14.0625,-11.625,house
419,0.9375,-5.375,-6.3125,-4.25,moon
420,2.9375,-9.125,-12.0625,-9.5625,hat
421,0.5625,-8.25,-8.8125,-6.40625,fork
422,-11.65625,-15.75,-4.09375,-2.84375,dress
423,-4.125,-16.25,-12.125,-8.6875,fire
424,1.75,-12.9375,-14.6875,-9.4375,box
425,-1.4375,-15.9375,-14.5,-7.9375,leaf
426,8.8125,-7.5625,-16.375,-10.6875,bee
427,4.4375,-10.0625,-14.5,-8.3125,hat
428,0.5625,-13.1875,-13.75,-9.5625,bee
429,-2.875,-15.0625,-12.1875,-7.25,wall
430,-2.5,-12.0625,-9.5625,-11.4375,wall
431,-3.03125,-10.25,-7.21875,-5.78125,spoon
432,-2.59375,-7.46875,-4.875,-9.25,lion
433,-1.875,-15.0,-13.125,-12.25,house
434,-2.28125,-6.5,-4.21875,-9.125,moon
435,-10.0,-16.625,-6.625,-10.5,shoe
436,-2.15625,-8.9375,-6.78125,-10.5625,spoon
437,4.5625,-8.9375,-13.5,-11.5,cup
438,-3.75,-16.125,-12.375,-5.6875,sun
439,3.3125,-8.9375,-12.25,-12.375,flower
440,0.4375,-7.375,-7.8125,-7.6875,sun
441,-1.0,-14.125,-13.125,-10.6875,watch
442,-0.5625,-7.21875,-6.65625,-12.125,ring
443,-4.5,-15.0,-10.5,-9.1875,rope
444,-1.6875,-10.5625,-8.875,-10.625,key
445,-7.375,-14.75,-7.375,-15.1875,metal
446,4.375,-9.625,-14.0,-7.96875,water
447,-2.5,-13.25,-10.75,-4.4375,bird
448,-9.625,-14.875,-5.25,-14.6875,lamp
449,-2.0625,-14.125,-12.0625,-11.125,door
450,-1.875,-13.75,-11.875,-8.625,wind
451,-3.6875,-13.1875,-9.5,-5.6875,key
452,-2.6875,-11.0625,-8.375,-14.0625,shoe
453,-3.90625,-11.0625,-7.15625,-7.53125,cloth
454,6.8125,-11.1875,-18.0,-5.5,food
455,4.09375,-5.34375,-9.4375,-3.9375,key
456,-0.75,-13.9375,-13.1875,-7.0,food
457,-3.25,-8.5,-5.25,-14.5,pants
458,-1.625,-15.25,-13.625,-8.8125,bed
459,5.125,-8.5,-13.625,-10.875,tree
460,-4.4375,-16.75,-12.3125,-9.125,paper
461,-10.40625,-15.0625,-4.65625,-5.8125,moon
462,-1.3125,-12.5625,-11.25,-7.90625,table
463,-8.8125,-23.25,-14.4375,-16.0,nail
464,4.0625,-8.8125,-12.875,-12.9375,cup
465,0.375,-14.375,-14.75,-7.21875,bee
466,-2.625,-17.5,-14.875,-12.75,food
467,-4.3125,-17.5,-13.1875,-12.3125,nail
468,1.25,-13.6875,-14.9375,-11.8125,bowl
469,6.6875,-8.4375,-15.125,-11.5,chair
470,2.125,-11.875,-14.0,-7.8125,door
471,3.6875,-11.5625,-15.25,-16.5,leaf
472,3.6875,-4.4375,-8.125,-3.03125,bear
473,3.0625,-10.1875,-13.25,-10.0,ink
474,0.8125,-10.6875,-11.5,-9.4375,knife
475,1.875,-13.3125,-15.1875,-14.75,leaf
476,-4.4375,-15.6875,-11.25,-15.9375,glass
477,-1.75,-11.875,-10.125,-10.8125,roof
478,6.0,-10.25,-16.25,-7.25,box
479,-2.625,-15.25,-12.625,-5.71875,cup
480,6.4375,-6.5625,-13.0,-15.3125,book
481,0.1875,-7.625,-7.8125,-11.1875,floor
482,5.90625,-5.59375,-11.5,-5.84375,cloth
483,-0.875,-12.1875,-11.3125,-14.4375,water
484,-5.65625,-13.25,-7.59375,-12.75,knife
485,-9.125,-18.5,-9.375,-9.5625,cloth
486,-1.8125,-13.25,-11.4375,-9.5,pen
487,4.78125,-5.65625,-10.4375,-12.125,sun
488,-2.1875,-14.625,-12.4375,-11.9375,water
489,1.4375,-13.75,-15.1875,-9.5625,coin
490,10.15625,-4.15625,-14.3125,-10.625,bag
491,-4.375,-14.1875,-9.8125,-12.0625,coat
492,-0.375,-12.0625,-11.6875,-10.0,fire
493,5.5,-8.125,-13.625,-5.8125,house
494,-1.9375,-10.8125,-8.875,-8.0625,coat
495,0.75,-16.25,-17.0,-7.34375,leaf
496,2.0625,-14.4375,-16.5,-13.0,grass
497,-6.59375,-14.4375,-7.84375,-11.5625,shirt
498,8.0625,-6.4375,-14.5,-12.5625,cup
499,2.03125,-6.90625,-8.9375,-14.375,fork
500,3.5625,-11.75,-15.3125,-10.1875,watch
501,6.625,-6.25,-12.875,-6.3125,tree
502,-3.75,-7.8125,-4.0625,-9.125,lion
503,-5.125,-11.3125,-6.1875,-11.75,metal
504,3.53125,-6.53125,-10.0625,-8.9375,sand
505,1.4375,-12.0625,-13.5,-20.75,bed
506,0.75,-6.53125,-7.28125,-9.5625,spoon
507,1.28125,-6.90625,-8.1875,-7.375,shoe
508,-7.1875,-11.125,-3.9375,-8.6875,lion
509,8.8125,-7.3125,-16.125,-13.5,coin
510,-1.5625,-14.0,-12.4375,-6.34375,bag
511,0.3125,-14.0,-14.3125,-8.4375,coin
512,3.03125,-7.71875,-10.75,-6.78125,pen
513,6.34375,-6.71875,-13.0625,-15.25,cup
514,0.75,-10.75,-11.5,-8.25,hat
515,5.34375,-7.78125,-13.125,-7.78125,ink
516,-6.8125,-18.25,-11.4375,-11.1875,cloth
517,1.1875,-13.0625,-14.25,-12.4375,flower
518,1.6875,-11.6875,-13.375,-9.5625,door
519,-4.25,-15.25,-11.0,-4.34375,hat
520,-4.625,-19.5,-14.875,-15.875,wire
521,-1.3125,-12.0,-10.6875,-13.625,sun
522,-3.125,-14.0625,-10.9375,-9.375,pen
523,-10.53125,-18.25,-7.71875,-8.0,key
524,2.5,-7.5625,-10.0625,-8.875,pen
525,-10.15625,-16.875,-6.71875,-12.25,ring
526,7.4375,-4.25,-11.6875,-10.0625,cloth
527,0.625,-10.4375,-11.0625,-10.3125,coat
528,1.625,-13.4375,-15.0625,-8.3125,bee
529,0.375,-11.3125,-11.6875,-13.0625,star
530,3.9375,-13.3125,-17.25,-12.75,grass
531,-6.8125,-14.9375,-8.125,-10.1875,floor
532,-9.4375,-20.25,-10.8125,-10.25,glass
533,-4.9375,-14.375,-9.4375,-10.4375,sun
534,-4.4375,-17.25,-12.8125,-9.625,bird
535,0.9375,-7.75,-8.6875,-9.4375,snow
536,0.25,-5.5,-5.75,-5.21875,lamp
537,6.84375,-7.96875,-14.8125,-5.21875,chair
538,3.6875,-11.0625,-14.75,-10.0625,house
539,-10.375,-17.0,-6.625,-5.375,screw
540,8.59375,-6.65625,-15.25,-14.875,grass
541,-3.0625,-13.5625,-10.5,-11.625,cat
542,-2.1875,-15.125,-12.9375,-7.6875,chair
543,-10.140625,-13.5625,-3.421875,-10.3125,lion
544,-0.9375,-13.5,-12.5625,-5.9375,nail
545,-1.5625,-14.0625,-12.5,-9.25,nail
546,-2.9375,-13.6875,-10.75,-7.40625,coat
547,0.5625,-12.0625,-12.625,-12.9375,coat
548,-0.75,-13.5625,-12.8125,-12.125,tree
549,4.8125,-10.5,-15.3125,-10.3125,bowl
550,-9.125,-18.25,-9.125,-12.25,fork
551,0.1875,-13.8125,-14.0,-8.8125,box
552,-10.5,-17.125,-6.625,-9.875,bear
553,-7.3125,-17.75,-10.4375,-14.5625,stone
554,-6.375,-13.5,-7.125,-7.46875,sand
555,2.875,-9.125,-12.0,-8.8125,book
556,5.34375,-7.40625,-12.75,-10.1875,water
557,1.125,-11.5,-12.625,-10.9375,plate
558,-2.5,-13.875,-11.375,-5.3125,bolt
559,-2.6875,-14.625,-11.9375,-13.875,book
560,1.40625,-7.46875,-8.875,-13.0,floor
561,-4.875,-11.5625,-6.6875,-9.4375,fork
562,3.5,-9.125,-12.625,-9.1875,hat
563,-0.75,-14.8125,-14.0625,-8.125,coin
564,-12.5625,-16.5,-3.9375,-11.5625,lion
565,-1.75,-12.5,-10.75,-10.3125,hat
566,-6.375,-16.875,-10.5,-8.5,sun
567,-2.875,-14.0,-11.125,-6.34375,sun
568,-2.53125,-8.25,-5.71875,-11.125,bolt
569,-1.75,-14.5625,-12.8125,-5.9375,rain
570,-7.84375,-15.6875,-7.84375,-11.75,bed
571,1.8125,-11.875,-13.6875,-8.3125,watch
572,3.90625,-7.46875,-11.375,-8.875,bowl
573,7.78125,-7.21875,-15.0,-15.125,box
574,-1.9375,-13.4375,-11.5,-3.0,roof
575,-1.625,-13.5625,-11.9375,-6.65625,food
576,-0.0625,-12.0,-11.9375,-10.8125,bag
577,-8.0,-16.375,-8.375,-5.34375,car
578,-7.25,-19.125,-11.875,-8.75,book
579,0.4375,-10.875,-11.3125,-6.375,bag
580,-0.5625,-14.3125,-13.75,-3.546875,leaf
581,3.0,-9.5625,-12.5625,-17.125,hat
582,0.6875,-13.8125,-14.5,-11.5625,food
583,-2.4375,-12.0625,-9.625,-5.96875,nail
584,-2.3125,-15.5625,-13.25,-8.8125,plate
585,-2.0,-13.9375,-11.9375,-10.75,table
586,-6.25,-10.8125,-4.5625,-10.0,lion
587,6.625,-5.875,-12.5,-13.125,wind
588,-0.8125,-12.9375,-12.125,-9.0,pen
589,9.625,-6.0,-15.625,-9.875,metal
590,-1.5,-9.875,-8.375,-11.375,sand
591,-1.75,-11.25,-9.5,-12.1875,bear
592,-8.28125,-13.125,-4.84375,-12.1875,moon
593,1.625,-11.5,-13.125,-11.8125,bowl
594,-7.5,-18.625,-11.125,-6.59375,bolt
595,-0.25,-13.125,-12.875,-9.1875,flower
596,5.0625,-10.8125,-15.875,-9.875,bag
597,1.5,-14.375,-15.875,-10.75,wind
598,-2.3125,-17.75,-15.4375,-9.125,chair
599,-0.75,-14.9375,-14.1875,-7.5,bag
600,-4.1875,-14.8125,-10.625,-12.5,ink
601,-2.46875,-8.4375,-5.96875,-7.9375,moon
602,-6.875,-13.625,-6.75,-15.1875,shirt
603,-0.5625,-12.6875,-12.125,-7.59375,nail
604,1.0625,-13.5625,-14.625,-7.21875,food
605,6.15625,-6.90625,-13.0625,-9.375,food
606,4.5,-9.625,-14.125,-5.5,wire
607,-2.28125,-5.6875,-3.40625,-7.75,lion
608,1.75,-13.0625,-14.8125,-5.8125,cloth
609,0.5,-16.375,-16.875,-9.8125,wire
610,3.65625,-7.46875,-11.125,-11.75,fish
611,10.15625,-4.28125,-14.4375,-7.125,bee
612,7.46875,-5.90625,-13.375,-5.0625,sun
613,-2.25,-11.8125,-9.5625,-2.90625,roof
614,0.5625,-7.28125,-7.84375,-12.0625,screw
615,5.8125,-8.0625,-13.875,-15.625,fish
616,-2.75,-14.75,-12.0,-12.4375,fish
617,7.9375,-4.375,-12.3125,-7.84375,water
618,-8.625,-17.125,-8.5,-13.5,water
619,-0.9375,-13.875,-12.9375,-9.1875,fox
620,-8.15625,-16.125,-7.96875,-8.625,car
621,-9.0625,-13.125,-4.0625,-6.15625,lamp
622,-8.84375,-15.4375,-6.59375,-11.875,pants
623,2.625,-13.125,-15.75,-10.1875,food
624,-1.625,-14.0,-12.375,-13.0,flower
625,-5.9375,-15.75,-9.8125,-11.1875,stone
626,0.8125,-8.4375,-9.25,-9.8125,spoon
627,-0.4375,-12.625,-12.1875,-7.21875,plate
628,2.625,-11.6875,-14.3125,-12.3125,bowl
629,1.5,-10.3125,-11.8125,-8.75,hat
630,4.28125,-7.65625,-11.9375,-10.8125,plate
631,0.8125,-13.6875,-14.5,-8.875,wind
632,-3.0,-16.25,-13.25,-10.625,table
633,-3.3125,-14.9375,-11.625,-7.8125,fire
634,2.375,-4.875,-7.25,-5.0625,ring
635,0.625,-9.0625,-9.6875,-4.8125,knife
636,-3.09375,-9.8125,-6.71875,-2.96875,wolf
637,-5.1875,-15.9375,-10.75,-10.375,rope
638,0.25,-12.6875,-12.9375,-10.5625,cup
639,-7.21875,-13.875,-6.65625,-9.0625,moon
640,8.4375,-8.5625,-17.0,-7.59375,chair
641,-2.625,-15.8125,-13.1875,-9.75,fire
642,-0.375,-18.125,-17.75,-9.3125,wood
643,-2.09375,-9.8125,-7.71875,-14.25,floor
644,-0.375,-13.4375,-13.0625,-7.0625,rain
645,-6.9375,-16.25,-9.3125,-6.625,window
646,-6.4375,-12.375,-5.9375,-9.4375,pants
647,-7.3125,-13.3125,-6.0,-7.03125,pants
648,-1.875,-13.875,-12.0,-6.28125,bag
649,10.0625,-7.9375,-18.0,-10.0625,food
650,-4.1875,-14.6875,-10.5,-10.6875,roof
651,1.0,-11.5625,-12.5625,-16.125,rock
652,-2.4375,-12.9375,-10.5,-12.375,hat
653,-2.5,-19.875,-17.375,-7.15625,grass
654,1.75,-11.3125,-13.0625,-8.75,cloth
655,2.75,-9.9375,-12.6875,-13.0,book
656,-3.9375,-16.125,-12.1875,-10.5,glass
657,11.25,-3.3125,-14.5625,-8.5,leaf
658,-0.5,-10.25,-9.75,-8.9375,knife
659,0.75,-15.5,-16.25,-5.1875,flower
660,-0.96875,-7.46875,-6.5,-7.9375,spoon
661,-12.46875,-18.125,-5.65625,-12.0625,lamp
662,-0.6875,-14.5625,-13.875,-9.9375,hat
663,4.203125,-2.828125,-7.03125,-9.75,ring
664,-5.125,-15.5625,-10.4375,-7.09375,car
665,-4.875,-13.625,-8.75,-16.125,window
666,10.640625,-3.734375,-14.375,-8.1875,fire
667,-4.75,-15.6875,-10.9375,-7.875,fish
668,7.5,-9.0,-16.5,-7.53125,grass
669,-5.5,-15.5625,-10.0625,-14.875,book
670,-3.65625,-10.0,-6.34375,-9.5625,wolf
671,0.5,-11.25,-11.75,-3.484375,plate
672,-7.625,-12.375,-4.75,-11.4375,dress
673,-1.53125,-7.3125,-5.78125,-16.5,dress
674,-0.4375,-12.5,-12.0625,-12.0,bird
675,5.4375,-12.8125,-18.25,-10.375,wire
676,-3.375,-15.1875,-11.8125,-9.75,stone
677,-1.875,-14.5,-12.625,-7.09375,plate
678,-2.25,-10.25,-8.0,-12.5625,screw
679,-2.625,-14.9375,-12.3125,-13.5,window
680,-8.3125,-14.6875,-6.375,-11.25,wolf
681,-10.9375,-15.3125,-4.375,-11.6875,lamp
682,-1.59375,-9.25,-7.65625,-12.75,floor
683,-2.9375,-10.75,-7.8125,-10.3125,metal
684,9.21875,-4.59375,-13.8125,-6.9375,bowl
685,-12.0,-19.875,-7.875,-10.6875,floor
686,-3.8125,-10.0,-6.1875,-12.6875,shirt
687,-15.375,-25.625,-10.25,-14.8125,bed
688,-0.625,-11.0625,-10.4375,-10.1875,sun
689,-7.25,-19.375,-12.125,-10.1875,door
690,0.625,-11.9375,-12.5625,-12.375,bird
691,0.1875,-10.0,-10.1875,-9.625,wall
692,3.1875,-12.5625,-15.75,-10.625,chair
693,0.125,-10.8125,-10.9375,-6.96875,nail
694,7.1875,-7.6875,-14.875,-16.5,fire
695,-8.875,-16.0,-7.125,-12.6875,fork
696,-0.75,-13.3125,-12.5625,-11.0625,star
697,-0.1875,-10.375,-10.1875,-4.84375,cat
698,-8.84375,-13.4375,-4.59375,-11.6875,dress
699,-7.875,-18.625,-10.75,-6.78125,stone
700,5.5625,-4.0625,-9.625,-8.125,floor
701,-0.375,-12.5625,-12.1875,-8.9375,bird
702,-9.5625,-18.0,-8.4375,-7.40625,screw
703,-3.71875,-11.625,-7.90625,-7.1875,bear
704,6.53125,-5.71875,-12.25,-11.0625,book
705,-7.28125,-10.9375,-3.65625,-6.40625,lion
706,0.125,-11.5,-11.625,-10.0625,book
707,1.9375,-9.8125,-11.75,-8.375,rain
708,-1.0625,-14.5625,-13.5,-9.4375,paper
709,-6.0625,-14.3125,-8.25,-13.375,sand
710,2.8125,-9.4375,-12.25,-11.375,wall
711,1.1875,-6.21875,-7.40625,-12.125,fork
712,3.84375,-7.15625,-11.0,-15.625,door
713,-3.375,-15.6875,-12.3125,-8.8125,dog
714,-2.1875,-13.125,-10.9375,-8.9375,bed
715,-7.625,-16.375,-8.75,-9.9375,bear
716,6.875,-5.125,-12.0,-10.4375,watch
717,11.96875,-4.53125,-16.5,-11.125,moon
718,-0.4375,-5.0,-4.5625,-13.125,lion
719,-3.6875,-12.75,-9.0625,-7.3125,knife
720,-5.375,-16.5,-11.125,-9.5625,window
721,-2.0,-12.25,-10.25,-12.6875,pen
722,-10.5625,-16.0,-5.4375,-12.875,lamp
723,-7.8125,-16.75,-8.9375,-6.1875,window
724,0.8125,-12.125,-12.9375,-8.8125,chair
725,0.0,-11.375,-11.375,-8.0,ink
726,-12.53125,-18.375,-5.84375,-8.125,pants
727,2.625,-10.75,-13.375,-13.9375,cup
728,1.1875,-9.0,-10.1875,-8.75,bed
729,7.28125,-5.90625,-13.1875,-10.75,bee
730,9.375,-6.1875,-15.5625,-11.0625,leaf
731,-5.46875,-12.5625,-7.09375,-10.75,ring
732,-5.6875,-12.625,-6.9375,-11.0,screw
733,7.125,-4.1875,-11.3125,-12.25,table
734,7.28125,-3.96875,-11.25,-14.3125,nail
735,5.8125,-8.6875,-14.5,-12.0,food
736,0.4375,-9.5,-9.9375,-11.3125,bird
737,-10.84375,-16.875,-6.03125,-10.0625,screw
738,2.5,-10.3125,-12.8125,-9.5,knife
739,0.09375,-6.75,-6.84375,-9.0625,snow
740,-5.6875,-13.875,-8.1875,-7.96875,metal
741,-0.75,-12.625,-11.875,-10.375,bird
742,-2.375,-13.0,-10.625,-10.0625,rope
743,-2.0625,-13.25,-11.1875,-14.375,bird
744,5.0,-8.875,-13.875,-12.125,cup
745,-4.90625,-11.5625,-6.65625,-6.4375,shirt
746,-4.875,-13.6875,-8.8125,-12.0625,bird
747,-2.6875,-14.3125,-11.625,-10.6875,water
748,0.5625,-11.5625,-12.125,-6.5,house
749,5.1875,-8.0,-13.1875,-11.0,house
750,0.3125,-8.4375,-8.75,-7.34375,floor
751,-8.46875,-14.6875,-6.21875,-8.75,sand
752,-1.875,-14.5625,-12.6875,-7.96875,hat
753,-4.75,-12.6875,-7.9375,-9.3125,shoe
754,8.09375,-4.59375,-12.6875,-13.5625,bolt
755,0.25,-14.25,-14.5,-12.375,wind
756,6.5,-7.5625,-14.0625,-10.625,nail
757,5.25,-7.1875,-12.4375,-9.6875,cat
758,0.3125,-11.1875,-11.5,-19.0,ink
759,-7.8125,-13.4375,-5.625,-7.65625,screw
760,-3.0,-13.875,-10.875,-9.75,table
761,0.875,-15.75,-16.625,-9.0,leaf
762,-5.875,-15.3125,-9.4375,-15.25,snow
763,0.0625,-12.9375,-13.0,-8.875,tree
764,5.4375,-7.875,-13.3125,-5.9375,house
765,3.84375,-5.84375,-9.6875,-13.5,pen
766,-1.9375,-13.125,-11.1875,-9.0,table
767,0.0,-5.375,-5.375,-10.875,pants
768,-5.0625,-17.875,-12.8125,-13.5625,bolt
769,-1.34375,-8.6875,-7.34375,-7.53125,sand
770,1.5625,-4.90625,-6.46875,-16.375,ant
771,-6.25,-14.6875,-8.4375,-5.6875,knife
772,2.25,-13.1875,-15.4375,-11.1875,grass
773,-4.125,-8.875,-4.75,-3.78125,dress
774,-2.5,-13.1875,-10.6875,-7.75,bird
775,6.1875,-8.875,-15.0625,-3.75,watch
776,6.71875,-6.40625,-13.125,-8.1875,fire
777,-2.125,-13.0625,-10.9375,-9.25,nail
778,-5.375,-10.3125,-4.9375,-5.6875,dress
779,-4.625,-11.75,-7.125,-14.4375,shoe
780,2.5,-12.0625,-14.5625,-4.25,chair
781,1.9375,-14.8125,-16.75,-11.0625,grass
782,-5.28125,-10.125,-4.84375,-13.75,dress
783,-2.6875,-13.625,-10.9375,-13.125,coat
784,9.625,-6.125,-15.75,-9.5,fox
785,0.5625,-9.1875,-9.75,-8.25,pen
786,-5.625,-14.3125,-8.6875,-6.09375,screw
787,1.625,-13.3125,-14.9375,-9.3125,fire
788,-3.3125,-16.0,-12.6875,-9.625,water
789,-2.6875,-12.4375,-9.75,-9.1875,bird
790,-4.9375,-13.3125,-8.375,-11.1875,fork
791,-0.375,-12.625,-12.25,-6.78125,bird
792,-4.0625,-15.4375,-11.375,-8.25,stone
793,-8.875,-15.875,-7.0,-10.6875,shirt
794,-0.25,-7.78125,-7.53125,-6.9375,floor
795,-6.9375,-16.25,-9.3125,-11.1875,screw
796,6.78125,-7.09375,-13.875,-10.0,cup
797,0.4375,-10.25,-10.6875,-4.96875,rope
798,-2.1875,-12.875,-10.6875,-6.84375,star
799,0.5,-12.625,-13.125,-9.5625,plate
800,0.625,-12.0625,-12.6875,-9.6875,plate
801,6.84375,-5.65625,-12.5,-12.5,bee
802,9.53125,-4.15625,-13.6875,-5.09375,tree
803,-3.375,-14.9375,-11.5625,-9.5,bed
804,-8.1875,-15.1875,-7.0,-6.0625,fork
805,-3.6875,-13.375,-9.6875,-11.6875,table
806,0.9375,-9.8125,-10.75,-4.875,door
807,7.0625,-8.0625,-15.125,-12.1875,paper
808,10.0625,-11.1875,-21.25,-11.5625,fish
809,-9.03125,-12.8125,-3.78125,-11.1875,lion
810,1.25,-11.3125,-12.5625,-14.5,nail
811,-6.5,-20.25,-13.75,-9.3125,fire
812,-1.21875,-8.8125,-7.59375,-9.5,sand
813,-2.9375,-16.375,-13.4375,-10.8125,house
814,1.625,-10.375,-12.0,-10.5625,dog
815,4.25,-8.1875,-12.4375,-7.25,hat
816,-6.1875,-13.8125,-7.625,-11.75,metal
817,0.40625,-7.59375,-8.0,-9.625,screw
818,-1.1875,-13.1875,-12.0,-6.5,dog
819,3.1875,-5.1875,-8.375,-14.125,screw
820,-1.6875,-12.8125,-11.125,-17.125,cloth
821,-7.25,-15.375,-8.125,-15.25,bear
822,-4.125,-16.5,-12.375,-7.40625,nail
823,-0.78125,-7.03125,-6.25,-10.3125,wolf
824,1.25,-13.9375,-15.1875,-10.3125,box
825,-4.0625,-13.4375,-9.375,-12.25,sun
826,-3.0625,-16.0,-12.9375,-11.5,paper
827,1.5,-10.8125,-12.3125,-14.125,bee
828,-4.5,-16.875,-12.375,-6.46875,book
829,-4.5625,-13.5625,-9.0,-8.125,shoe
830,-9.1875,-20.25,-11.0625,-13.375,bird
831,4.8125,-6.1875,-11.0,-13.25,fish
832,-7.0625,-15.1875,-8.125,-13.0,key
833,6.71875,-4.28125,-11.0,-12.875,star
834,-6.15625,-14.0625,-7.90625,-7.4375,ant
835,-14.4375,-24.875,-10.4375,-10.875,wall
836,5.8125,-7.3125,-13.125,-8.625,roof
837,-5.0,-14.8125,-9.8125,-6.53125,bear
838,3.3125,-11.75,-15.0625,-10.375,fox
839,-7.15625,-14.125,-6.96875,-6.15625,shirt
840,-0.5625,-14.9375,-14.375,-13.5,flower
841,5.84375,-4.03125,-9.875,-5.875,coat
842,-3.375,-12.3125,-8.9375,-9.6875,coat
843,0.875,-8.8125,-9.6875,-12.375,sun
844,2.9375,-9.25,-12.1875,-10.8125,fire
845,-1.46875,-8.875,-7.40625,-9.5,ant
846,-8.71875,-14.75,-6.03125,-11.5,shirt
847,1.75,-8.6875,-10.4375,-4.34375,wall
848,-7.3125,-14.3125,-7.0,-11.6875,ant
849,-2.0625,-14.1875,-12.125,-3.96875,key
850,2.75,-8.125,-10.875,-16.125,sun
851,3.75,-9.3125,-13.0625,-9.625,table
852,-5.5,-14.75,-9.25,-14.125,sun
853,-5.90625,-11.5625,-5.65625,-9.6875,shoe
854,3.53125,-7.40625,-10.9375,-12.0,coat
855,-0.3125,-11.0625,-10.75,-5.03125,rain
856,-8.375,-22.0,-13.625,-13.4375,cup
857,1.6875,-9.875,-11.5625,-14.75,wall
858,-2.90625,-8.625,-5.71875,-12.1875,moon
859,-5.4375,-14.125,-8.6875,-10.6875,pen
860,-3.0,-16.125,-13.125,-7.25,rain
861,-1.625,-13.875,-12.25,-14.3125,box
862,-12.375,-22.75,-10.375,-8.8125,knife
863,-0.625,-11.25,-10.625,-10.3125,bed
864,-2.875,-13.5,-10.625,-9.25,sun
865,-0.3125,-16.0,-15.6875,-9.5625,wire
866,4.4375,-7.75,-12.1875,-10.6875,fish
867,-16.6875,-21.0,-4.3125,-4.75,lamp
868,10.0625,-6.5625,-16.625,-7.9375,grass
869,-7.5,-16.0,-8.5,-4.6875,key
870,-10.03125,-14.25,-4.21875,-9.875,lamp
871,1.1875,-12.4375,-13.625,-7.90625,bag
872,6.875,-10.125,-17.0,-11.25,wood
873,0.875,-14.1875,-15.0625,-9.625,paper
874,-7.15625,-11.5,-4.34375,-4.0625,lamp
875,-0.75,-8.5625,-7.8125,-5.5,fork
876,-7.9375,-16.5,-8.5625,-9.3125,fork
877,-4.1875,-13.4375,-9.25,-5.0625,key
878,-11.25,-14.25,-3.0,-10.75,lamp
879,7.25,-4.9375,-12.1875,-15.0625,stone
880,-4.375,-9.8125,-5.4375,-10.875,shirt
881,-3.75,-12.125,-8.375,-13.0,metal
882,-5.75,-15.5,-9.75,-4.65625,knife
883,-2.46875,-9.3125,-6.84375,-5.03125,shirt
884,-2.21875,-9.875,-7.65625,-9.5625,deer
885,-6.125,-15.0,-8.875,-6.03125,car
886,-0.6875,-15.4375,-14.75,-11.5625,fox
887,0.3125,-10.25,-10.5625,-13.375,house
888,-3.9375,-12.25,-8.3125,-10.5625,sand
889,2.8125,-12.0625,-14.875,-12.5,chair
890,-2.0625,-18.0,-15.9375,-8.25,watch
891,-1.375,-11.375,-10.0,-13.125,pen
892,-8.0625,-13.875,-5.8125,-8.3125,pants
893,-3.375,-17.5,-14.125,-11.75,bolt
894,-5.75,-14.4375,-8.6875,-6.03125,screw
895,4.71875,-6.15625,-10.875,-10.25,rain
896,-6.6875,-17.75,-11.0625,-13.4375,fish
897,-3.34375,-9.375,-6.03125,-8.6875,pants
898,5.3125,-8.8125,-14.125,-8.0625,rain
899,-3.4375,-13.375,-9.9375,-8.1875,window
900,1.1875,-11.5,-12.6875,-8.75,ink
901,1.75,-14.0625,-15.8125,-23.5,leaf
902,4.75,-8.4375,-13.1875,-6.78125,stone
903,-1.78125,-8.25,-6.46875,-13.25,ring
904,2.1875,-15.1875,-17.375,-10.6875,grass
905,-3.125,-10.375,-7.25,-3.796875,spoon
906,6.6875,-10.0625,-16.75,-12.5625,wire
907,-2.0,-14.0625,-12.0625,-3.921875,glass
908,-6.3125,-18.0,-11.6875,-11.4375,pen
909,-9.3125,-14.5,-5.1875,-11.125,lamp
910,3.6875,-10.5,-14.1875,-7.8125,tree
911,4.5625,-8.625,-13.1875,-12.6875,fish
912,3.09375,-4.5625,-7.65625,-9.875,fork
913,2.5625,-9.5,-12.0625,-10.9375,ink
914,-10.03125,-15.0,-4.96875,-7.46875,lion
915,-3.8125,-13.125,-9.3125,-11.1875,shirt
916,-6.125,-16.375,-10.25,-7.53125,pen
917,2.75,-8.25,-11.0,-11.3125,coat
918,5.4375,-7.625,-13.0625,-11.3125,fox
919,-2.0,-11.5,-9.5,-6.65625,rain
920,-0.9375,-13.375,-12.4375,-12.625,bag
921,-11.03125,-16.75,-5.71875,-12.125,metal
922,-2.5,-15.125,-12.625,-7.25,coat
923,-1.4375,-10.1875,-8.75,-8.9375,snow
924,-2.0625,-15.125,-13.0625,-11.6875,paper
925,-12.4375,-17.125,-4.6875,-11.4375,lamp
926,-5.875,-15.5,-9.625,-9.0,sand
927,4.90625,-7.28125,-12.1875,-8.6875,chair
928,-8.953125,-12.875,-3.921875,-7.875,lion
929,5.28125,-6.84375,-12.125,-13.4375,rope
930,-1.21875,-8.75,-7.53125,-5.53125,sand
931,9.875,-5.3125,-15.1875,-11.8125,watch
932,0.5625,-9.5625,-10.125,-11.3125,screw
933,1.375,-10.0,-11.375,-8.75,fish
934,-5.0625,-11.5625,-6.5,-11.9375,sand
935,-9.375,-18.25,-8.875,-8.375,pen
936,3.6875,-10.3125,-14.0,-9.5625,box
937,-7.40625,-13.3125,-5.90625,-11.625,sand
938,3.25,-5.5,-8.75,-11.0,cloth
939,-9.375,-13.125,-3.75,-12.25,dress
940,-8.90625,-15.5,-6.59375,-12.1875,ring
941,-5.21875,-12.25,-7.03125,-10.8125,metal
942,3.5625,-7.8125,-11.375,-10.1875,car
943,-2.125,-13.375,-11.25,-12.9375,book
944,1.75,-5.875,-7.625,-8.125,screw
945,1.6875,-12.1875,-13.875,-12.1875,paper
946,-1.5625,-12.0625,-10.5,-9.4375,rope
947,1.6875,-8.1875,-9.875,-10.625,wall
948,-1.1875,-14.75,-13.5625,-12.5625,bolt
949,-5.5,-14.5,-9.0,-6.53125,bolt
950,-1.375,-13.0625,-11.6875,-12.875,rain
951,-5.96875,-9.3125,-3.34375,-11.6875,lamp
952,-0.625,-8.8125,-8.1875,-14.25,window
953,-0.4375,-14.75,-14.3125,-13.6875,coin
954,1.6875,-12.75,-14.4375,-10.3125,fox
955,-2.375,-15.0,-12.625,-12.75,watch
956,2.75,-13.125,-15.875,-11.1875,fox
957,2.1875,-10.8125,-13.0,-8.25,bowl
958,-0.375,-9.4375,-9.0625,-7.1875,screw
959,-1.4375,-10.875,-9.4375,-9.75,bed
960,8.0,-6.0625,-14.0625,-7.625,rope
961,-3.34375,-10.875,-7.53125,-18.0,sand
962,-2.25,-12.125,-9.875,-15.3125,roof
963,0.125,-13.4375,-13.5625,-9.625,rock
964,-5.875,-15.5,-9.625,-8.5,knife
965,-3.1875,-12.625,-9.4375,-15.8125,metal
966,-3.25,-12.6875,-9.4375,-14.75,ring
967,3.6875,-9.5,-13.1875,-10.25,food
968,-6.09375,-14.0,-7.90625,-16.0,pants
969,1.75,-11.125,-12.875,-6.25,hat
970,-1.46875,-9.1875,-7.71875,-12.6875,knife
971,-9.0625,-15.5625,-6.5,-10.75,moon
972,4.5,-10.875,-15.375,-8.8125,box
973,-2.6875,-13.375,-10.6875,-12.625,bird
974,2.8125,-11.0625,-13.875,-11.3125,wood
975,-2.1875,-11.25,-9.0625,-8.4375,floor
976,1.40625,-6.90625,-8.3125,-11.5625,metal
977,-5.9375,-18.125,-12.1875,-9.0,water
978,1.75,-12.75,-14.5,-4.0625,tree
979,-2.125,-17.375,-15.25,-9.625,coin
980,0.5,-14.625,-15.125,-8.5,watch
981,-9.90625,-14.3125,-4.40625,-8.6875,lamp
982,1.84375,-3.125,-4.96875,-11.375,moon
983,-1.625,-16.0,-14.375,-9.9375,door
984,5.6875,-7.75,-13.4375,-12.75,fish
985,-3.1875,-14.1875,-11.0,-11.375,watch
986,4.625,-10.5625,-15.1875,-10.875,star
987,-2.1875,-14.9375,-12.75,-8.9375,stone
988,0.375,-13.375,-13.75,-12.4375,bee
989,1.0,-11.375,-12.375,-7.625,dog
990,-2.375,-15.5,-13.125,-10.4375,wind
991,3.5625,-9.125,-12.6875,-11.9375,stone
992,-0.4375,-11.1875,-10.75,-12.8125,coat
993,5.1875,-6.375,-11.5625,-6.84375,rain
994,-12.984375,-15.8125,-2.828125,-14.1875,lamp
995,-2.96875,-10.4375,-7.46875,-6.5,sand
996,-0.125,-12.8125,-12.6875,-14.5625,house
997,-5.5625,-15.1875,-9.625,-5.5,fish
998,6.71875,-7.84375,-14.5625,-11.0,bird
999,-7.625,-12.6875,-5.0625,-11.8125,dress
1000,0.0625,-12.625,-12.6875,-13.625,bird
1001,-5.4375,-13.625,-8.1875,-5.21875,sand
1002,0.0625,-12.625,-12.6875,-8.375,bowl
1003,-6.375,-14.875,-8.5,-12.875,sand
1004,-5.75,-15.9375,-10.1875,-11.0625,sun
1005,2.25,-8.0,-10.25,-11.4375,car
1006,-1.1875,-16.375,-15.1875,-8.875,fox
1007,-8.6875,-14.1875,-5.5,-10.1875,shirt
1008,5.5,-7.375,-12.875,-11.375,chair
1009,3.46875,-4.90625,-8.375,-9.9375,snow
1010,1.5625,-14.375,-15.9375,-11.5625,food
1011,2.0,-11.25,-13.25,-8.75,bag
1012,-0.0625,-11.5,-11.4375,-7.3125,coat
1013,4.625,-6.5625,-11.1875,-7.59375,bag
1014,4.6875,-9.3125,-14.0,-10.0625,glass
1015,4.6875,-8.9375,-13.625,-9.6875,house
1016,6.5625,-5.375,-11.9375,-7.25,bird
1017,-7.09375,-14.875,-7.78125,-8.75,shirt
1018,4.5625,-7.75,-12.3125,-8.625,cloth
1019,-8.3125,-13.875,-5.5625,-8.125,pants
1020,-2.8125,-12.125,-9.3125,-6.40625,roof
1021,1.5625,-9.5625,-11.125,-8.75,sun
1022,7.65625,-6.84375,-14.5,-11.25,leaf
1023,-0.78125,-7.46875,-6.6875,-9.8125,shirt
1024,6.3125,-7.5625,-13.875,-10.0,cup
1025,-0.6875,-15.0,-14.3125,-13.625,chair
1026,-8.21875,-14.125,-5.90625,-9.9375,moon
1027,6.4375,-9.375,-15.8125,-7.96875,paper
1028,1.125,-12.125,-13.25,-5.0625,cup
1029,1.0,-11.9375,-12.9375,-10.5,wind
1030,-0.3125,-12.9375,-12.625,-10.75,dog
1031,1.5,-12.125,-13.625,-10.1875,bowl
1032,9.609375,-3.640625,-13.25,-3.953125,fish
1033,-2.0,-12.875,-10.875,-11.5,wall
1034,-4.09375,-12.0,-7.90625,-9.9375,car
1035,-0.5,-8.875,-8.375,-9.8125,wall
1036,0.4375,-9.25,-9.6875,-11.5,window
1037,1.375,-12.6875,-14.0625,-11.125,wood
1038,3.8125,-6.125,-9.9375,-14.6875,bird
1039,-2.1875,-14.9375,-12.75,-13.0,hat
1040,0.5,-10.3125,-10.8125,-8.125,rain
1041,-1.0625,-6.5,-5.4375,-9.75,ant
1042,-3.5625,-17.0,-13.4375,-11.875,water
1043,0.6875,-12.0625,-12.75,-15.75,water
1044,-2.0,-11.9375,-9.9375,-11.9375,coat
1045,-4.625,-16.375,-11.75,-3.46875,book
1046,1.1875,-15.0625,-16.25,-9.6875,bee
1047,-11.375,-17.25,-5.875,-9.3125,ring
1048,6.0,-6.875,-12.875,-14.25,wall
1049,-3.3125,-15.9375,-12.625,-12.3125,wind
1050,-7.53125,-15.125,-7.59375,-10.625,bear
1051,-1.46875,-7.65625,-6.1875,-7.625,pants
1052,-0.375,-8.6875,-8.3125,-6.3125,floor
1053,-1.3125,-7.71875,-6.40625,-6.0,moon
1054,-5.125,-17.0,-11.875,-12.6875,dog
1055,-1.0625,-11.875,-10.8125,-9.9375,bed
1056,-8.125,-19.0,-10.875,-8.8125,table
1057,-3.375,-16.5,-13.125,-4.0625,wood
1058,2.125,-13.5625,-15.6875,-7.21875,leaf
1059,2.4375,-6.6875,-9.125,-13.25,car
1060,0.375,-11.75,-12.125,-5.1875,dog
1061,-6.375,-13.4375,-7.0625,-4.78125,shoe
1062,0.9375,-11.875,-12.8125,-10.75,rain
1063,2.28125,-4.03125,-6.3125,-10.875,ring
1064,6.3125,-10.4375,-16.75,-11.125,grass
1065,-3.65625,-11.0625,-7.40625,-9.6875,moon
1066,4.1875,-8.25,-12.4375,-8.75,wire
1067,-1.75,-15.125,-13.375,-11.375,paper
1068,7.84375,-4.34375,-12.1875,-9.1875,star
1069,-6.75,-13.6875,-6.9375,-5.59375,shirt
1070,2.0,-7.6875,-9.6875,-7.375,key
1071,-1.1875,-13.25,-12.0625,-12.375,chair
1072,-2.0625,-14.0,-11.9375,-13.4375,plate
1073,7.25,-8.375,-15.625,-8.9375,plate
1074,3.65625,-7.03125,-10.6875,-17.0,ant
1075,2.5625,-5.8125,-8.375,-11.4375,sand
1076,3.4375,-13.4375,-16.875,-13.25,leaf
1077,-2.9375,-13.625,-10.6875,-9.125,pen
1078,-12.3125,-18.125,-5.8125,-5.53125,dress
1079,1.75,-13.6875,-15.4375,-8.9375,fox
1080,0.375,-11.0625,-11.4375,-8.0,ink
1081,-0.8125,-7.40625,-6.59375,-4.71875,moon
1082,0.375,-9.75,-10.125,-8.25,water
1083,11.15625,-7.21875,-18.375,-11.3125,grass
1084,6.21875,-6.46875,-12.6875,-7.15625,box
1085,-7.578125,-11.5625,-3.984375,-8.8125,lamp
1086,6.875,-9.5,-16.375,-11.6875,car
1087,-2.5,-15.0625,-12.5625,-16.125,table
1088,-3.75,-16.375,-12.625,-9.5625,rain
1089,1.0625,-12.75,-13.8125,-10.375,dog
1090,-3.0625,-16.375,-13.3125,-12.5625,rock
1091,-1.6875,-13.5,-11.8125,-7.4375,hat
1092,8.8125,-5.125,-13.9375,-5.15625,window
1093,2.0,-13.1875,-15.1875,-16.625,house
1094,9.40625,-5.53125,-14.9375,-8.0,rock
1095,1.875,-10.75,-12.625,-6.78125,wind
1096,6.25,-8.5,-14.75,-12.5,fire
1097,-3.3125,-10.8125,-7.5,-8.0,shirt
1098,-6.375,-13.5,-7.125,-5.3125,shoe
1099,-5.0,-13.5,-8.5,-6.46875,bear
1100,-5.40625,-9.6875,-4.28125,-12.0625,lion
1101,4.84375,-5.90625,-10.75,-9.0,pen
1102,-0.375,-12.125,-11.75,-12.5,table
1103,5.5,-8.375,-13.875,-5.375,wood
1104,7.0,-6.8125,-13.8125,-5.15625,bird
1105,-2.9375,-13.0,-10.0625,-11.6875,coat
1106,-4.53125,-9.9375,-5.40625,-9.125,deer
1107,5.75,-6.375,-12.125,-12.4375,bolt
1108,3.1875,-11.0625,-14.25,-13.75,box
1109,0.125,-14.0,-14.125,-9.3125,bowl
1110,-3.625,-13.125,-9.5,-10.125,knife
1111,-3.75,-8.75,-5.0,-8.6875,lion
1112,7.0625,-8.3125,-15.375,-7.03125,bee
1113,3.3125,-7.5625,-10.875,-13.1875,bird
1114,-5.75,-14.0625,-8.3125,-10.375,ant
1115,-1.6875,-13.5625,-11.875,-13.6875,table
1116,-1.9375,-11.5,-9.5625,-8.625,wall
1117,6.71875,-7.65625,-14.375,-11.6875,bee
1118,4.6875,-11.125,-15.8125,-12.0,box
1119,3.3125,-11.625,-14.9375,-11.0625,chair
1120,0.875,-11.9375,-12.8125,-10.1875,box
1121,-3.125,-17.0,-13.875,-4.4375,box
1122,-3.21875,-10.125,-6.90625,-13.125,wolf
1123,-3.03125,-10.0,-6.96875,-5.03125,bear
1124,-6.84375,-12.0,-5.15625,-8.125,moon
1125,-3.8125,-17.875,-14.0625,-12.875,bee
1126,-1.25,-11.8125,-10.5625,-8.875,cat
1127,2.5625,-12.1875,-14.75,-12.375,rock
1128,2.6875,-6.9375,-9.625,-5.46875,knife
1129,7.6875,-6.0625,-13.75,-9.375,grass
1130,-3.03125,-10.875,-7.84375,-5.3125,snow
1131,4.5,-9.1875,-13.6875,-12.4375,food
1132,4.71875,-4.96875,-9.6875,-11.75,star
1133,-5.3125,-14.75,-9.4375,-6.28125,knife
1134,-6.0,-14.3125,-8.3125,-10.5625,key
1135,-0.3125,-10.1875,-9.875,-9.6875,plate
1136,-0.3125,-13.875,-13.5625,-10.125,bee
1137,-6.46875,-13.9375,-7.46875,-9.0625,shoe
1138,-0.0625,-15.625,-15.5625,-11.25,rock
1139,1.5625,-5.25,-6.8125,-5.59375,shirt
1140,-11.09375,-14.375,-3.28125,-7.46875,lion
1141,-1.0,-14.5,-13.5,-9.1875,bee
1142,4.5625,-13.8125,-18.375,-6.375,wood
1143,4.625,-10.1875,-14.8125,-10.625,food
1144,7.0,-7.25,-14.25,-10.4375,plate
1145,-9.28125,-15.125,-5.84375,-9.75,fork
1146,-0.5625,-12.1875,-11.625,-8.125,window
1147,-2.125,-15.3125,-13.1875,-8.75,house
1148,-5.375,-15.5,-10.125,-9.875,rain
1149,0.0625,-14.5,-14.5625,-10.6875,fire
1150,-8.78125,-16.5,-7.71875,-10.5,ring
1151,0.1875,-15.6875,-15.875,-11.4375,wood
1152,9.75,-9.25,-19.0,-5.34375,bolt
1153,0.9375,-12.75,-13.6875,-9.1875,stone
1154,3.0,-10.0,-13.0,-11.3125,flower
1155,-2.9375,-17.875,-14.9375,-9.5625,book
1156,4.5625,-9.6875,-14.25,-8.125,plate
1157,6.4375,-8.125,-14.5625,-10.375,food
1158,-8.375,-16.5,-8.125,-11.125,shoe
1159,-10.8125,-16.5,-5.6875,-9.375,moon
1160,-7.3125,-15.5625,-8.25,-8.1875,car
1161,0.8125,-9.1875,-10.0,-9.125,key
1162,-0.6875,-12.375,-11.6875,-9.625,star
1163,3.15625,-3.625,-6.78125,-9.25,wolf
1164,-0.25,-8.3125,-8.0625,-9.5625,floor
1165,-0.25,-11.8125,-11.5625,-8.4375,star
1166,2.125,-10.25,-12.375,-8.75,bag
1167,-8.6875,-14.875,-6.1875,-6.9375,moon
1168,-10.25,-18.0,-7.75,-7.6875,deer
1169,1.5625,-13.8125,-15.375,-11.5,fox
1170,-3.1875,-12.8125,-9.625,-7.21875,sun
1171,-1.4375,-14.5625,-13.125,-10.5,cup
1172,-9.25,-15.5625,-6.3125,-4.1875,metal
1173,-7.375,-12.3125,-4.9375,-3.3125,moon
1174,-6.1875,-11.125,-4.9375,-4.59375,lion
1175,2.8125,-9.3125,-12.125,-8.375,hat
1176,-2.0625,-14.0625,-12.0,-13.75,water
1177,0.25,-11.25,-11.5,-4.75,ink
1178,0.25,-12.375,-12.625,-6.375,wall
1179,3.1875,-11.5,-14.6875,-12.375,leaf
1180,-5.6875,-15.4375,-9.75,-6.09375,sun
1181,7.75,-4.25,-12.0,-11.5,bolt
1182,-2.1875,-16.25,-14.0625,-7.21875,bird
1183,-10.9375,-18.125,-7.1875,-12.5625,screw
1184,-3.1875,-15.375,-12.1875,-12.25,chair
1185,1.875,-8.3125,-10.1875,-9.0,sun
1186,3.375,-9.375,-12.75,-4.0,cloth
1187,7.0,-3.3125,-10.3125,-7.25,wind
1188,7.25,-13.75,-21.0,-4.28125,fish
1189,1.6875,-14.9375,-16.625,-10.625,rock
1190,-3.375,-14.875,-11.5,-5.53125,sun
1191,-7.28125,-13.0,-5.71875,-9.75,deer
1192,-5.0625,-17.375,-12.3125,-11.8125,window
1193,-6.25,-13.4375,-7.1875,-7.9375,moon
1194,-1.1875,-11.875,-10.6875,-10.8125,knife
1195,-5.125,-16.625,-11.5,-9.8125,dog
1196,-1.5625,-9.25,-7.6875,-9.125,snow
1197,-0.0625,-15.125,-15.0625,-9.375,grass
1198,5.15625,-5.84375,-11.0,-8.3125,rain
1199,-6.375,-13.625,-7.25,-12.625,floor
1200,-9.140625,-13.0,-3.859375,-9.9375,dress
1201,-8.25,-16.75,-8.5,-9.0625,metal
1202,7.375,-5.875,-13.25,-7.4375,book
1203,-9.5,-14.6875,-5.1875,-5.5,pants
1204,-5.875,-15.9375,-10.0625,-11.75,book
1205,0.75,-12.5625,-13.3125,-13.1875,chair
1206,-0.3125,-9.0,-8.6875,-8.75,wall
1207,-8.40625,-16.0,-7.59375,-11.0625,spoon
1208,-3.25,-15.1875,-11.9375,-6.3125,roof
1209,-7.6875,-14.4375,-6.75,-9.75,ant
1210,1.8125,-12.6875,-14.5,-4.46875,coin
1211,1.96875,-5.125,-7.09375,-12.6875,ring
1212,-4.5625,-12.625,-8.0625,-9.1875,wolf
1213,-12.1875,-17.125,-4.9375,-5.84375,dress
1214,-0.0625,-13.625,-13.5625,-6.65625,wire
1215,-0.75,-12.0625,-11.3125,-10.375,rope
1216,-7.4375,-15.625,-8.1875,-12.375,sand
1217,-5.875,-15.125,-9.25,-15.3125,bear
1218,2.875,-9.375,-12.25,-8.6875,bird
1219,-0.375,-14.4375,-14.0625,-8.375,paper
1220,-7.65625,-15.0625,-7.40625,-14.3125,deer
1221,-2.0,-13.0,-11.0,-12.75,ink
1222,4.78125,-6.65625,-11.4375,-13.3125,wind
1223,-0.4375,-13.5625,-13.125,-8.3125,chair
1224,-2.0625,-12.875,-10.8125,-4.875,pen
1225,-1.8125,-15.0625,-13.25,-12.5,bowl
1226,4.75,-4.875,-9.625,-10.5,window
1227,-9.5625,-17.375,-7.8125,-10.875,floor
1228,1.625,-11.125,-12.75,-7.0,fire
1229,0.5,-11.625,-12.125,-11.875,bee
1230,4.375,-11.0625,-15.4375,-8.25,fox
1231,0.125,-13.625,-13.75,-11.25,rope
1232,-8.0,-20.375,-12.375,-7.75,glass
1233,-3.125,-17.125,-14.0,-11.75,dog
1234,-1.3125,-15.125,-13.8125,-7.28125,cup
1235,8.96875,-5.65625,-14.625,-6.625,watch
1236,8.9375,-13.0625,-22.0,-13.6875,paper
1237,-5.5625,-16.125,-10.5625,-3.5625,ink
1238,5.09375,-6.40625,-11.5,-5.40625,rain
1239,-4.375,-12.5625,-8.1875,-6.75,floor
1240,-0.875,-15.0625,-14.1875,-6.59375,stone
1241,-3.3125,-13.0,-9.6875,-6.875,roof
1242,11.5,-5.375,-16.875,-7.6875,roof
1243,-6.25,-12.375,-6.125,-4.78125,wolf
1244,1.9375,-10.5625,-12.5,-10.5625,bird
1245,2.8125,-12.875,-15.6875,-10.25,plate
1246,0.375,-7.8125,-8.1875,-5.71875,car
1247,-3.875,-14.0625,-10.1875,-8.4375,bed
1248,-6.65625,-14.25,-7.59375,-10.625,pants
1249,-4.03125,-11.6875,-7.65625,-6.28125,wolf
1250,-6.3125,-14.125,-7.8125,-9.5,screw
1251,5.125,-8.5,-13.625,-14.3125,box
1252,5.09375,-6.65625,-11.75,-9.5,fish
1253,-3.75,-15.25,-11.5,-3.984375,bed
1254,6.3125,-7.3125,-13.625,-9.0,rock
1255,-9.109375,-13.0,-3.890625,-6.96875,lion
1256,0.5,-16.375,-16.875,-11.8125,bee
1257,-4.8125,-9.625,-4.8125,-9.0,ring
1258,-4.0,-15.125,-11.125,-10.625,window
1259,-3.4375,-16.125,-12.6875,-6.21875,ink
1260,-1.4375,-12.25,-10.8125,-11.375,fire
1261,7.78125,-6.96875,-14.75,-3.75,glass
1262,-3.6875,-13.1875,-9.5,-14.3125,wind
1263,-1.25,-10.1875,-8.9375,-3.734375,nail
1264,1.1875,-12.125,-13.3125,-9.0,fire
1265,-4.6875,-14.0625,-9.375,-7.90625,deer
1266,2.125,-12.875,-15.0,-11.8125,paper
1267,-8.75,-13.5625,-4.8125,-6.90625,lion
1268,1.25,-7.25,-8.5,-10.5,fork
1269,-0.3125,-11.0,-10.6875,-6.59375,plate
1270,2.0,-9.125,-11.125,-12.0,cat
1271,3.25,-13.0,-16.25,-12.375,fox
1272,-0.3125,-7.84375,-7.53125,-7.78125,metal
1273,0.625,-8.0625,-8.6875,-9.4375,key
1274,-6.90625,-12.8125,-5.90625,-17.125,pants
1275,3.75,-6.3125,-10.0625,-9.25,coat
1276,-8.625,-14.8125,-6.1875,-9.4375,screw
1277,-3.0,-16.125,-13.125,-11.375,dog
1278,-2.1875,-13.125,-10.9375,-9.125,tree
1279,-3.5,-15.1875,-11.6875,-11.0,table
1280,5.125,-8.375,-13.5,-7.03125,cup
1281,0.625,-7.9375,-8.5625,-8.5,coat
1282,-5.6875,-17.625,-11.9375,-5.34375,fish
1283,-8.953125,-12.8125,-3.859375,-13.5,lamp
1284,3.6875,-8.75,-12.4375,-6.125,wire
1285,-1.8125,-10.875,-9.0625,-5.875,key
1286,-6.5,-14.375,-7.875,-5.09375,spoon
1287,-5.71875,-13.3125,-7.59375,-7.84375,wolf
1288,-3.5,-14.5,-11.0,-11.9375,tree
1289,3.1875,-14.1875,-17.375,-12.3125,rock
1290,1.6875,-11.25,-12.9375,-8.0625,cloth
1291,8.71875,-6.40625,-15.125,-12.5625,bag
1292,-11.34375,-15.8125,-4.46875,-7.8125,shoe
1293,-9.6875,-19.125,-9.4375,-6.625,screw
1294,2.3125,-11.3125,-13.625,-7.5625,fire
1295,0.875,-12.5625,-13.4375,-7.03125,tree
1296,-9.375,-14.875,-5.5,-13.5625,ring
1297,4.5625,-7.5,-12.0625,-5.625,wind
1298,1.0,-10.375,-11.375,-13.1875,glass
1299,4.0625,-9.5625,-13.625,-7.71875,fox
1300,-14.0625,-18.25,-4.1875,-13.9375,lamp
1301,-0.75,-15.875,-15.125,-10.125,wire
1302,-6.90625,-14.3125,-7.40625,-11.6875,ring
1303,-2.875,-11.875,-9.0,-12.1875,floor
1304,6.75,-12.125,-18.875,-12.25,wood
1305,-0.6875,-8.875,-8.1875,-7.875,window
1306,1.5,-13.625,-15.125,-10.6875,box
1307,4.15625,-7.90625,-12.0625,-14.1875,bed
1308,4.4375,-12.1875,-16.625,-13.0625,wood
1309,-4.65625,-12.3125,-7.65625,-9.6875,fork
1310,6.4375,-4.9375,-11.375,-12.0,dog
1311,0.3125,-7.59375,-7.90625,-9.9375,snow
1312,4.0,-11.4375,-15.4375,-14.125,leaf
1313,0.25,-12.0625,-12.3125,-13.0625,star
1314,9.46875,-4.34375,-13.8125,-8.6875,paper
1315,-4.8125,-17.5,-12.6875,-9.625,ink
1316,-3.3125,-11.875,-8.5625,-12.875,bear
1317,-1.75,-12.5625,-10.8125,-8.5625,bag
1318,-1.0,-13.3125,-12.3125,-3.484375,watch
1319,3.9375,-9.25,-13.1875,-11.875,star
1320,-1.03125,-7.90625,-6.875,-14.1875,sand
1321,-5.5625,-13.0625,-7.5,-8.625,fork
1322,-1.625,-12.125,-10.5,-12.3125,wall
1323,-5.0,-16.875,-11.875,-12.5,hat
1324,-4.09375,-8.5625,-4.46875,-10.9375,snow
1325,0.8125,-13.125,-13.9375,-12.3125,paper
1326,-4.5625,-15.8125,-11.25,-13.75,stone
1327,-2.0,-9.875,-7.875,-11.0625,snow
1328,6.1875,-8.5625,-14.75,-9.1875,flower
1329,-4.125,-16.0,-11.875,-5.0625,stone
1330,-8.375,-13.375,-5.0,-6.34375,lion
1331,2.5,-12.8125,-15.3125,-9.875,box
1332,0.25,-14.8125,-15.0625,-5.8125,rock
1333,-8.375,-15.375,-7.0,-8.4375,snow
1334,4.0,-8.625,-12.625,-4.625,water
1335,7.6875,-4.75,-12.4375,-11.375,plate
1336,-7.8125,-14.625,-6.8125,-7.71875,spoon
1337,-7.1875,-15.75,-8.5625,-8.625,key
1338,0.5625,-11.5,-12.0625,-7.1875,stone
1339,4.875,-11.875,-16.75,-7.59375,leaf
1340,-6.375,-16.5,-10.125,-7.1875,dog
1341,-3.6875,-15.25,-11.5625,-5.9375,cloth
1342,-2.9375,-16.125,-13.1875,-9.25,fish
1343,-4.4375,-12.75,-8.3125,-9.5,knife
1344,5.625,-6.5,-12.125,-4.15625,roof
1345,-6.6875,-13.6875,-7.0,-9.1875,shoe
1346,-3.4375,-16.625,-13.1875,-9.8125,sun
1347,-7.25,-16.375,-9.125,-7.03125,pen
1348,-5.6875,-15.75,-10.0625,-12.3125,pen
1349,3.25,-13.0,-16.25,-12.75,wood
1350,1.5625,-10.8125,-12.375,-6.5625,rain
1351,-0.5625,-12.0625,-11.5,-16.75,book
1352,-8.5,-14.4375,-5.9375,-8.875,moon
1353,-2.0,-13.3125,-11.3125,-14.25,rope
1354,5.6875,-10.4375,-16.125,-7.84375,paper
1355,9.9375,-3.625,-13.5625,-15.0625,fire
1356,1.53125,-5.15625,-6.6875,-2.453125,fork
1357,4.3125,-9.8125,-14.125,-11.9375,bag
1358,-2.625,-11.9375,-9.3125,-8.625,snow
1359,-3.9375,-13.75,-9.8125,-12.75,cat
1360,-3.5,-12.75,-9.25,-9.5,bed
1361,4.3125,-8.5625,-12.875,-10.5625,rain
1362,-0.5,-15.4375,-14.9375,-10.0,wood
1363,-4.25,-16.25,-12.0,-5.0625,rain
1364,0.40625,-7.375,-7.78125,-8.6875,wolf
1365,2.6875,-8.125,-10.8125,-8.8125,bird
1366,-3.21875,-10.75,-7.53125,-6.3125,spoon
1367,-4.8125,-14.0,-9.1875,-5.125,water
1368,-5.375,-13.375,-8.0,-10.875,pen
1369,6.0,-9.25,-15.25,-11.0,wood
1370,-3.6875,-11.9375,-8.25,-8.5,key
1371,-11.0625,-22.75,-11.6875,-9.25,rope
1372,-2.5,-16.25,-13.75,-12.375,rock
1373,-1.875,-14.0625,-12.1875,-6.4375,knife
1374,-1.53125,-7.6875,-6.15625,-8.375,ring
1375,0.625,-11.6875,-12.3125,-6.09375,roof
1376,-3.0,-15.75,-12.75,-4.6875,bed
1377,-7.9375,-16.5,-8.5625,-10.3125,sand
1378,3.9375,-8.6875,-12.625,-6.65625,plate
1379,-4.4375,-13.3125,-8.875,-13.1875,deer
1380,7.46875,-6.59375,-14.0625,-13.1875,bowl
1381,-1.75,-11.5625,-9.8125,-10.5625,bear
1382,-5.125,-13.25,-8.125,-8.375,snow
1383,-1.65625,-8.5,-6.84375,-8.5,ring
1384,-2.125,-15.0,-12.875,-6.40625,watch
1385,-4.5625,-15.25,-10.6875,-11.75,car
1386,5.9375,-9.0625,-15.0,-6.25,fire
1387,-10.0625,-16.375,-6.3125,-7.28125,deer
1388,-8.15625,-14.8125,-6.65625,-16.25,floor
1389,3.75,-13.5,-17.25,-6.09375,grass
1390,2.0,-12.0625,-14.0625,-15.5625,fox
1391,0.625,-13.375,-14.0,-12.6875,box
1392,6.15625,-7.28125,-13.4375,-9.375,bee
1393,2.3125,-12.4375,-14.75,-11.125,chair
1394,5.1875,-13.1875,-18.375,-3.921875,fire
1395,-0.625,-11.6875,-11.0625,-12.0,ring
1396,0.875,-14.3125,-15.1875,-8.5,fire
1397,-4.25,-12.5625,-8.3125,-7.09375,deer
1398,4.25,-10.125,-14.375,-4.21875,bee
1399,-3.125,-15.625,-12.5,-9.75,bolt
1400,-1.8125,-8.3125,-6.5,-8.4375,wolf
1401,-1.03125,-8.1875,-7.15625,-11.25,bear
1402,-0.03125,-5.03125,-5.0,-10.75,lion
1403,-5.46875,-12.375,-6.90625,-8.0625,shoe
1404,-4.4375,-16.25,-11.8125,-14.5,roof
1405,3.6875,-10.375,-14.0625,-8.8125,rock
1406,-6.25,-15.9375,-9.6875,-12.9375,cat
1407,4.9375,-10.75,-15.6875,-7.90625,leaf
1408,-2.59375,-9.3125,-6.71875,-6.0625,knife
1409,-10.265625,-13.9375,-3.671875,-6.3125,lamp
1410,2.0,-13.625,-15.625,-6.6875,food
1411,0.3125,-11.0,-11.3125,-7.09375,nail
1412,4.5625,-11.4375,-16.0,-9.1875,wire
1413,-3.0,-14.25,-11.25,-12.0625,ring
1414,-10.15625,-14.6875,-4.53125,-10.0625,moon
1415,-4.625,-15.6875,-11.0625,-9.875,bird
1416,-15.5625,-23.75,-8.1875,-7.5,fork
1417,-1.75,-14.25,-12.5,-6.4375,bird
1418,4.625,-8.0,-12.625,-11.8125,dog
1419,1.4375,-7.3125,-8.75,-4.25,pen
1420,8.125,-4.25,-12.375,-15.5,water
1421,0.4375,-7.75,-8.1875,-14.5625,shoe
1422,0.8125,-12.25,-13.0625,-10.0,door
1423,-1.0,-12.375,-11.375,-7.1875,car
1424,-3.5625,-14.125,-10.5625,-8.5625,rope
1425,-1.1875,-8.875,-7.6875,-9.8125,metal
1426,-0.09375,-7.0625,-6.96875,-6.65625,wolf
1427,7.21875,-5.03125,-12.25,-13.25,star
1428,11.75,-4.625,-16.375,-13.6875,house
1429,-3.5625,-18.5,-14.9375,-10.1875,watch
1430,-4.125,-13.25,-9.125,-12.3125,screw
1431,-3.5625,-17.25,-13.6875,-9.25,food
1432,-6.9375,-16.625,-9.6875,-4.90625,car
1433,-1.75,-15.125,-13.375,-11.625,book
1434,1.0625,-13.6875,-14.75,-9.5,fire
1435,4.1875,-11.1875,-15.375,-8.0,food
1436,0.5,-10.125,-10.625,-9.3125,window
1437,-1.625,-12.1875,-10.5625,-11.5625,pen
1438,-4.25,-12.875,-8.625,-10.6875,key
1439,-2.1875,-11.75,-9.5625,-10.5625,coat
1440,2.5625,-7.9375,-10.5,-6.3125,screw
1441,-0.9375,-12.625,-11.6875,-10.625,water
1442,1.1875,-12.75,-13.9375,-13.5625,box
1443,-3.9375,-14.5,-10.5625,-10.8125,bed
1444,-9.59375,-13.75,-4.15625,-8.625,moon
1445,0.53125,-7.84375,-8.375,-16.125,shoe
1446,-0.375,-13.4375,-13.0625,-7.625,glass
1447,-5.65625,-11.75,-6.09375,-11.5625,sand
1448,1.5,-11.375,-12.875,-10.125,bolt
1449,-3.578125,-6.65625,-3.078125,-6.78125,lamp
1450,0.875,-10.5625,-11.4375,-12.0,dog
1451,-1.375,-12.375,-11.0,-4.59375,wind
1452,-3.125,-9.625,-6.5,-9.1875,shirt
1453,1.375,-16.625,-18.0,-11.75,cup
1454,6.3125,-4.5625,-10.875,-5.5625,bird
1455,-0.625,-12.75,-12.125,-14.1875,flower
1456,-3.125,-14.375,-11.25,-15.0,door
1457,-9.75,-12.5625,-2.8125,-5.90625,lion
1458,0.6875,-11.3125,-12.0,-9.0,ink
1459,-1.875,-12.625,-10.75,-7.71875,bed
1460,4.5625,-8.25,-12.8125,-9.875,door
1461,-6.3125,-14.625,-8.3125,-9.125,metal
1462,-2.4375,-15.9375,-13.5,-6.28125,rock
1463,-5.6875,-18.0,-12.3125,-12.25,star
1464,-9.75,-17.5,-7.75,-8.5,wolf
1465,-8.4375,-18.625,-10.1875,-7.71875,pen
1466,3.1875,-12.75,-15.9375,-6.125,leaf
1467,-1.0,-13.375,-12.375,-6.8125,plate
1468,-1.5625,-11.3125,-9.75,-8.4375,cat
1469,-1.125,-14.3125,-13.1875,-4.875,bee
1470,0.375,-11.625,-12.0,-10.625,roof
1471,-4.5,-11.4375,-6.9375,-10.9375,fork
1472,1.375,-8.3125,-9.6875,-14.375,pen
1473,0.6875,-8.1875,-8.875,-7.75,metal
1474,1.0625,-7.3125,-8.375,-12.25,bear
1475,1.3125,-8.5,-9.8125,-7.8125,roof
1476,-2.0625,-11.75,-9.6875,-8.6875,window
1477,0.8125,-14.5625,-15.375,-11.5625,food
1478,-5.65625,-13.25,-7.59375,-9.25,pants
1479,-1.4375,-13.875,-12.4375,-12.6875,book
1480,1.5,-11.0,-12.5,-3.890625,bolt
1481,5.5625,-9.4375,-15.0,-11.3125,leaf
1482,3.1875,-12.3125,-15.5,-9.875,bee
1483,-3.28125,-11.125,-7.84375,-13.125,sand
1484,2.34375,-7.46875,-9.8125,-6.8125,rope
1485,2.6875,-11.8125,-14.5,-9.9375,bag
1486,0.375,-14.875,-15.25,-13.0,chair
1487,-5.75,-17.75,-12.0,-9.3125,rope
1488,-1.8125,-14.375,-12.5625,-10.875,flower
1489,-1.375,-13.5625,-12.1875,-10.75,stone
1490,-1.4375,-14.3125,-12.875,-19.0,bee
1491,-1.625,-16.0,-14.375,-9.5,house
1492,-4.625,-12.625,-8.0,-15.75,ant
1493,8.4375,-7.9375,-16.375,-14.1875,wire
1494,2.9375,-9.0625,-12.0,-13.75,glass
1495,-4.0625,-14.0,-9.9375,-6.78125,water
1496,5.59375,-6.78125,-12.375,-9.4375,rain
1497,-0.5,-10.8125,-10.3125,-8.25,window
1498,-14.375,-20.875,-6.5,-6.90625,shoe
1499,1.5625,-12.25,-13.8125,-6.28125,bag
1500,5.25,-8.5,-13.75,-12.625,wire
1501,-1.1875,-16.375,-15.1875,-9.1875,bee
1502,3.9375,-10.625,-14.5625,-11.9375,box
1503,-2.3125,-13.625,-11.3125,-8.3125,stone
1504,3.25,-7.0,-10.25,-10.1875,cloth
1505,-0.8125,-15.125,-14.3125,-9.8125,fish
1506,2.3125,-9.5625,-11.875,-9.0,rope
1507,-0.375,-13.8125,-13.4375,-12.5,bird
1508,-0.75,-14.375,-13.625,-13.3125,flower
1509,0.5625,-7.375,-7.9375,-8.9375,ant
1510,-8.875,-17.5,-8.625,-9.75,snow
1511,1.375,-11.25,-12.625,-10.0,stone
1512,-5.09375,-10.375,-5.28125,-10.8125,dress
1513,0.625,-10.8125,-11.4375,-11.625,water
1514,-7.625,-14.75,-7.125,-14.625,sand
1515,0.125,-17.0,-17.125,-10.0625,grass
1516,-0.125,-11.5625,-11.4375,-9.25,window
1517,-1.375,-14.5,-13.125,-10.75,tree
1518,-0.75,-12.25,-11.5,-10.3125,sun
1519,4.53125,-5.28125,-9.8125,-12.5625,glass
1520,2.625,-10.5625,-13.1875,-9.25,bee
1521,-7.375,-11.75,-4.375,-7.5625,lion
1522,-3.8125,-15.9375,-12.125,-14.0,fish
1523,8.03125,-7.71875,-15.75,-10.3125,paper
1524,-2.4375,-10.75,-8.3125,-12.375,ant
1525,1.875,-11.8125,-13.6875,-9.9375,rock
1526,-4.84375,-12.5,-7.65625,-8.4375,deer
1527,10.125,-7.375,-17.5,-6.125,leaf
1528,-7.9375,-15.8125,-7.875,-11.3125,bear
1529,-4.4375,-12.125,-7.6875,-3.96875,screw
1530,-2.59375,-8.375,-5.78125,-6.375,moon
1531,-0.625,-13.4375,-12.8125,-2.3125,bolt
1532,0.25,-14.0,-14.25,-6.15625,wire
1533,2.25,-10.1875,-12.4375,-10.875,water
1534,-2.25,-9.0625,-6.8125,-8.4375,ant
1535,4.9375,-8.4375,-13.375,-11.6875,bowl
1536,5.625,-8.0,-13.625,-9.6875,watch
1537,-1.875,-13.375,-11.5,-11.1875,stone
1538,-6.90625,-14.75,-7.84375,-8.9375,floor
1539,0.75,-11.8125,-12.5625,-3.515625,door
1540,-5.25,-15.5625,-10.3125,-9.625,cat
1541,3.25,-11.5,-14.75,-11.9375,wire
1542,8.4375,-7.8125,-16.25,-12.6875,fox
1543,-4.84375,-10.1875,-5.34375,-8.75,dress
1544,6.3125,-9.4375,-15.75,-7.59375,leaf
1545,-1.4375,-11.1875,-9.75,-7.75,window
1546,7.1875,-8.1875,-15.375,-13.75,bag
1547,-1.3125,-12.125,-10.8125,-4.71875,shirt
1548,1.875,-10.4375,-12.3125,-13.125,stone
1549,4.40625,-7.34375,-11.75,-7.46875,stone
1550,1.375,-13.5,-14.875,-9.375,bowl
1551,3.65625,-3.8125,-7.46875,-12.3125,sand
1552,-11.125,-17.0,-5.875,-8.375,ant
1553,4.3125,-11.0,-15.3125,-12.9375,star
1554,-7.09375,-14.375,-7.28125,-12.6875,spoon
1555,4.5625,-10.625,-15.1875,-12.75,flower
1556,-8.4375,-15.125,-6.6875,-8.0625,moon
1557,-4.3125,-12.75,-8.4375,-6.84375,key
1558,1.4375,-9.6875,-11.125,-10.875,window
1559,3.75,-8.125,-11.875,-12.5,sun
1560,-3.0,-13.9375,-10.9375,-8.1875,coat
1561,-1.1875,-13.125,-11.9375,-10.9375,bird
1562,4.75,-11.625,-16.375,-9.1875,coin
1563,-1.1875,-16.75,-15.5625,-6.1875,wire
1564,3.78125,-7.78125,-11.5625,-8.125,book
1565,0.4375,-12.4375,-12.875,-8.4375,fish
1566,-0.1875,-13.5625,-13.375,-11.8125,bag
1567,1.1875,-10.875,-12.0625,-11.875,flower
1568,-8.4375,-13.625,-5.1875,-5.65625,pants
1569,-3.59375,-11.25,-7.65625,-10.75,pants
1570,-1.5,-17.375,-15.875,-11.125,wire
1571,-7.09375,-12.9375,-5.84375,-12.0,moon
1572,-0.375,-11.8125,-11.4375,-10.75,bowl
1573,-0.3125,-12.1875,-11.875,-8.5,bee
1574,1.375,-13.5625,-14.9375,-9.125,paper
1575,-3.1875,-14.4375,-11.25,-9.375,window
1576,6.65625,-7.28125,-13.9375,-7.78125,cloth
1577,-2.625,-14.75,-12.125,-6.71875,cloth
1578,-8.625,-16.75,-8.125,-7.25,snow
1579,-6.1875,-15.125,-8.9375,-5.625,screw
1580,1.5,-13.9375,-15.4375,-10.3125,coin
1581,-3.5,-15.4375,-11.9375,-11.5625,table
1582,4.4375,-8.9375,-13.375,-4.375,paper
1583,0.125,-13.4375,-13.5625,-11.375,stone
1584,-0.3125,-14.625,-14.3125,-7.1875,house
1585,-5.4375,-14.125,-8.6875,-10.125,ant
1586,4.0625,-10.75,-14.8125,-7.53125,box
1587,-4.875,-15.3125,-10.4375,-11.6875,window
1588,3.4375,-13.5625,-17.0,-6.34375,moon
1589,6.0625,-7.75,-13.8125,-13.0,food
1590,0.1875,-12.125,-12.3125,-15.0,glass
1591,0.8125,-10.0625,-10.875,-9.25,bird
1592,-11.78125,-15.6875,-3.90625,-3.875,lion
1593,-0.125,-15.25,-15.125,-8.1875,wood
1594,-0.0625,-14.6875,-14.625,-8.5625,chair
1595,6.875,-8.0625,-14.9375,-5.625,window
1596,3.59375,-4.15625,-7.75,-14.0,deer
1597,1.125,-16.625,-17.75,-9.0625,leaf
1598,-6.375,-16.5,-10.125,-10.9375,sun
1599,-4.25,-13.625,-9.375,-8.9375,cat
1600,0.625,-10.3125,-10.9375,-10.0,stone
1601,1.5625,-12.9375,-14.5,-3.46875,wood
1602,-2.46875,-9.9375,-7.46875,-10.5,metal
1603,-9.375,-17.75,-8.375,-10.9375,shirt
1604,0.0,-14.3125,-14.3125,-12.1875,fire
1605,1.875,-10.125,-12.0,-13.375,stone
1606,-1.75,-14.375,-12.625,-3.203125,cloth
1607,-5.625,-13.6875,-8.0625,-14.5,bear
1608,8.78125,-6.46875,-15.25,-11.8125,wire
1609,-1.875,-13.0625,-11.1875,-10.3125,dog
1610,-1.15625,-8.25,-7.09375,-9.75,shoe
1611,-2.8125,-12.25,-9.4375,-7.25,knife
1612,-9.796875,-13.625,-3.828125,-10.1875,lion
1613,4.0,-10.5,-14.5,-5.53125,chair
1614,1.75,-6.875,-8.625,-7.25,spoon
1615,1.75,-13.125,-14.875,-6.96875,wood
1616,-5.65625,-13.4375,-7.78125,-9.125,ring
1617,0.375,-12.625,-13.0,-5.15625,bag
1618,3.40625,-5.78125,-9.1875,-16.625,pen
1619,-4.75,-12.5625,-7.8125,-9.875,ant
1620,3.1875,-12.9375,-16.125,-11.6875,chair
1621,0.4375,-10.125,-10.5625,-6.0,shoe
1622,5.1875,-7.75,-12.9375,-7.0625,leaf
1623,-9.0625,-16.75,-7.6875,-5.3125,bear
1624,-9.34375,-16.375,-7.03125,-12.8125,metal
1625,-2.0625,-16.25,-14.1875,-7.25,fire
1626,-0.9375,-15.875,-14.9375,-9.5,flower
1627,1.0,-12.375,-13.375,-12.125,door
1628,-8.3125,-17.875,-9.5625,-5.0625,pen
1629,-2.5625,-12.5,-9.9375,-3.21875,window
1630,-1.375,-14.125,-12.75,-7.21875,door
1631,-11.25,-16.0,-4.75,-10.1875,dress
1632,-6.59375,-14.3125,-7.71875,-9.4375,deer
1633,0.875,-6.25,-7.125,-5.15625,floor
1634,-1.4375,-14.1875,-12.75,-9.0625,rope
1635,-3.875,-13.875,-10.0,-14.625,sun
1636,2.5625,-8.5,-11.0625,-6.65625,ink
1637,3.90625,-6.90625,-10.8125,-10.75,fish
1638,-0.96875,-7.125,-6.15625,-13.0,ring
1639,8.09375,-4.84375,-12.9375,-12.9375,food
1640,-1.5625,-9.5,-7.9375,-7.96875,spoon
1641,-0.4375,-13.25,-12.8125,-11.4375,plate
1642,-2.5,-12.6875,-10.1875,-9.1875,wall
1643,-0.3125,-10.9375,-10.625,-10.75,wall
1644,3.5625,-11.125,-14.6875,-4.0625,wire
1645,-4.1875,-14.25,-10.0625,-11.5625,fish
1646,4.1875,-8.625,-12.8125,-11.25,rock
1647,3.8125,-9.9375,-13.75,-11.125,door
1648,2.1875,-13.625,-15.8125,-8.3125,fox
1649,-1.3125,-12.625,-11.3125,-11.3125,rain
1650,-3.75,-16.125,-12.375,-8.375,glass
1651,-8.5625,-19.0,-10.4375,-11.5,car
1652,0.875,-9.875,-10.75,-8.3125,rain
1653,-2.625,-11.6875,-9.0625,-5.15625,sun
1654,5.4375,-9.0,-14.4375,-11.6875,cup
1655,-0.6875,-8.1875,-7.5,-10.25,floor
1656,-0.0625,-14.5625,-14.5,-11.1875,rock
1657,-1.25,-10.6875,-9.4375,-12.5625,car
1658,-1.625,-14.3125,-12.6875,-10.4375,knife
1659,-0.0625,-14.375,-14.3125,-7.09375,bolt
1660,-2.125,-11.125,-9.0,-9.875,sand
1661,2.6875,-11.5625,-14.25,-13.0625,paper
1662,-0.75,-12.75,-12.0,-12.25,nail
1663,4.5625,-8.9375,-13.5,-11.0625,bowl
1664,-7.9375,-14.875,-6.9375,-7.40625,moon
1665,2.4375,-11.5,-13.9375,-12.625,bag
